{
  "Get Fruit 2" : {
    "transaction" : "Get Fruit 2",
    "sampleCount" : 5126376,
    "errorCount" : 0,
    "errorPct" : 0.0,
    "meanResTime" : 13.199314876631503,
    "medianResTime" : 8.0,
    "minResTime" : 0.0,
    "maxResTime" : 284.0,
    "pct1ResTime" : 25.0,
    "pct2ResTime" : 35.0,
    "pct3ResTime" : 69.0,
    "throughput" : 17068.064152036462,
    "receivedKBytesPerSec" : 1533.458888659526,
    "sentKBytesPerSec" : 2116.839987606085
  },
  "Get Fruit 1" : {
    "transaction" : "Get Fruit 1",
    "sampleCount" : 5129805,
    "errorCount" : 0,
    "errorPct" : 0.0,
    "meanResTime" : 13.18374869999963,
    "medianResTime" : 10.0,
    "minResTime" : 0.0,
    "maxResTime" : 265.0,
    "pct1ResTime" : 28.0,
    "pct2ResTime" : 40.0,
    "pct3ResTime" : 79.0,
    "throughput" : 17087.787263951395,
    "receivedKBytesPerSec" : 1535.230886995633,
    "sentKBytesPerSec" : 2119.2861157439715
  },
  "Total" : {
    "transaction" : "Total",
    "sampleCount" : 20516342,
    "errorCount" : 0,
    "errorPct" : 0.0,
    "meanResTime" : 13.188239453212434,
    "medianResTime" : 1.0,
    "minResTime" : 0.0,
    "maxResTime" : 1024.0,
    "pct1ResTime" : 2.0,
    "pct2ResTime" : 3.0,
    "pct3ResTime" : 6.0,
    "throughput" : 68110.8226545382,
    "receivedKBytesPerSec" : 6119.3317228686665,
    "sentKBytesPerSec" : 8414.074667316454
  },
  "Get Candy 1" : {
    "transaction" : "Get Candy 1",
    "sampleCount" : 5114115,
    "errorCount" : 0,
    "errorPct" : 0.0,
    "meanResTime" : 13.224777111972827,
    "medianResTime" : 5.0,
    "minResTime" : 0.0,
    "maxResTime" : 1010.0,
    "pct1ResTime" : 17.0,
    "pct2ResTime" : 23.0,
    "pct3ResTime" : 57.0,
    "throughput" : 17025.257670182167,
    "receivedKBytesPerSec" : 1529.612993805429,
    "sentKBytesPerSec" : 2094.904752385696
  },
  "Get Candy 2" : {
    "transaction" : "Get Candy 2",
    "sampleCount" : 5146046,
    "errorCount" : 0,
    "errorPct" : 0.0,
    "meanResTime" : 13.145372000173262,
    "medianResTime" : 1.0,
    "minResTime" : 0.0,
    "maxResTime" : 1024.0,
    "pct1ResTime" : 2.0,
    "pct2ResTime" : 3.0,
    "pct3ResTime" : 6.0,
    "throughput" : 17133.440541233424,
    "receivedKBytesPerSec" : 1539.3325486264405,
    "sentKBytesPerSec" : 2108.2163165970815
  }
}