{
  "Get Cart 2" : {
    "transaction" : "Get Cart 2",
    "sampleCount" : 1037179,
    "errorCount" : 0,
    "errorPct" : 0.0,
    "meanResTime" : 144.4037721550441,
    "medianResTime" : 69.0,
    "minResTime" : 0.0,
    "maxResTime" : 1569.0,
    "pct1ResTime" : 163.0,
    "pct2ResTime" : 182.0,
    "pct3ResTime" : 230.0,
    "throughput" : 3450.94809831342,
    "receivedKBytesPerSec" : 652.8452443746694,
    "sentKBytesPerSec" : 421.2583127823999
  },
  "Get Cart 1" : {
    "transaction" : "Get Cart 1",
    "sampleCount" : 1027523,
    "errorCount" : 0,
    "errorPct" : 0.0,
    "meanResTime" : 145.7413274447476,
    "medianResTime" : 141.0,
    "minResTime" : 0.0,
    "maxResTime" : 1480.0,
    "pct1ResTime" : 180.0,
    "pct2ResTime" : 202.0,
    "pct3ResTime" : 245.0,
    "throughput" : 3420.3110332936108,
    "receivedKBytesPerSec" : 647.0459168038367,
    "sentKBytesPerSec" : 417.518436681349
  },
  "Get Employee 2" : {
    "transaction" : "Get Employee 2",
    "sampleCount" : 1026089,
    "errorCount" : 0,
    "errorPct" : 0.0,
    "meanResTime" : 145.94474553376807,
    "medianResTime" : 143.0,
    "minResTime" : 0.0,
    "maxResTime" : 1549.0,
    "pct1ResTime" : 183.0,
    "pct2ResTime" : 203.0,
    "pct3ResTime" : 245.0,
    "throughput" : 3414.5147550148413,
    "receivedKBytesPerSec" : 645.9480761015515,
    "sentKBytesPerSec" : 430.1488314422994
  },
  "Get Both" : {
    "transaction" : "Get Both",
    "sampleCount" : 995547,
    "errorCount" : 0,
    "errorPct" : 0.0,
    "meanResTime" : 150.42277561983076,
    "medianResTime" : 145.0,
    "minResTime" : 0.0,
    "maxResTime" : 1598.0,
    "pct1ResTime" : 192.0,
    "pct2ResTime" : 212.0,
    "pct3ResTime" : 254.0,
    "throughput" : 3314.0271101583203,
    "receivedKBytesPerSec" : 704.6218741833914,
    "sentKBytesPerSec" : 423.96245256908196
  },
  "Get Employee 1" : {
    "transaction" : "Get Employee 1",
    "sampleCount" : 1026023,
    "errorCount" : 0,
    "errorPct" : 0.0,
    "meanResTime" : 145.96771807258824,
    "medianResTime" : 143.0,
    "minResTime" : 0.0,
    "maxResTime" : 1563.0,
    "pct1ResTime" : 182.0,
    "pct2ResTime" : 200.0,
    "pct3ResTime" : 243.0,
    "throughput" : 3415.374833978556,
    "receivedKBytesPerSec" : 646.1107227279612,
    "sentKBytesPerSec" : 430.2571812336267
  },
  "Total" : {
    "transaction" : "Total",
    "sampleCount" : 5112361,
    "errorCount" : 0,
    "errorPct" : 0.0,
    "meanResTime" : 146.4678654343906,
    "medianResTime" : 56.0,
    "minResTime" : 0.0,
    "maxResTime" : 1598.0,
    "pct1ResTime" : 172.0,
    "pct2ResTime" : 197.0,
    "pct3ResTime" : 254.0,
    "throughput" : 16959.17744509058,
    "receivedKBytesPerSec" : 3285.708390677506,
    "sentKBytesPerSec" : 2116.154368656722
  }
}