{
  "Get Cart 2" : {
    "transaction" : "Get Cart 2",
    "sampleCount" : 1439099,
    "errorCount" : 0,
    "errorPct" : 0.0,
    "meanResTime" : 10.37043108222581,
    "medianResTime" : 2.0,
    "minResTime" : 0.0,
    "maxResTime" : 713.0,
    "pct1ResTime" : 29.0,
    "pct2ResTime" : 39.0,
    "pct3ResTime" : 65.0,
    "throughput" : 4796.852761083835,
    "receivedKBytesPerSec" : 907.4223378767387,
    "sentKBytesPerSec" : 585.5533155619914
  },
  "Get Cart 1" : {
    "transaction" : "Get Cart 1",
    "sampleCount" : 1437168,
    "errorCount" : 0,
    "errorPct" : 0.0,
    "meanResTime" : 10.384330850673681,
    "medianResTime" : 2.0,
    "minResTime" : 0.0,
    "maxResTime" : 710.0,
    "pct1ResTime" : 29.0,
    "pct2ResTime" : 40.0,
    "pct3ResTime" : 65.0,
    "throughput" : 4790.352418061884,
    "receivedKBytesPerSec" : 906.1929223952379,
    "sentKBytesPerSec" : 584.7598166579448
  },
  "Get Employee 2" : {
    "transaction" : "Get Employee 2",
    "sampleCount" : 1440746,
    "errorCount" : 0,
    "errorPct" : 0.0,
    "meanResTime" : 10.358416403723965,
    "medianResTime" : 2.0,
    "minResTime" : 0.0,
    "maxResTime" : 724.0,
    "pct1ResTime" : 29.0,
    "pct2ResTime" : 39.0,
    "pct3ResTime" : 66.0,
    "throughput" : 4802.214541176,
    "receivedKBytesPerSec" : 908.436480917123,
    "sentKBytesPerSec" : 604.9664802848672
  },
  "Get Employee 1" : {
    "transaction" : "Get Employee 1",
    "sampleCount" : 1444404,
    "errorCount" : 0,
    "errorPct" : 0.0,
    "meanResTime" : 10.331960448739393,
    "medianResTime" : 2.0,
    "minResTime" : 0.0,
    "maxResTime" : 775.0,
    "pct1ResTime" : 29.0,
    "pct2ResTime" : 39.0,
    "pct3ResTime" : 65.0,
    "throughput" : 4814.326949357048,
    "receivedKBytesPerSec" : 910.7284053075691,
    "sentKBytesPerSec" : 606.4923598311124
  },
  "Total" : {
    "transaction" : "Total",
    "sampleCount" : 5761417,
    "errorCount" : 0,
    "errorPct" : 0.0,
    "meanResTime" : 10.36124915103273,
    "medianResTime" : 2.0,
    "minResTime" : 0.0,
    "maxResTime" : 775.0,
    "pct1ResTime" : 29.0,
    "pct2ResTime" : 39.0,
    "pct3ResTime" : 67.0,
    "throughput" : 19203.315090226715,
    "receivedKBytesPerSec" : 3632.6985044534235,
    "sentKBytesPerSec" : 2381.7189766760853
  }
}