{
  "Get Fruit 2" : {
    "transaction" : "Get Fruit 2",
    "sampleCount" : 4480125,
    "errorCount" : 0,
    "errorPct" : 0.0,
    "meanResTime" : 27.917054546467295,
    "medianResTime" : 15.0,
    "minResTime" : 0.0,
    "maxResTime" : 4698.0,
    "pct1ResTime" : 65.0,
    "pct2ResTime" : 102.0,
    "pct3ResTime" : 252.0,
    "throughput" : 14927.331247563547,
    "receivedKBytesPerSec" : 1341.1274167732875,
    "sentKBytesPerSec" : 1851.3389340239946
  },
  "Get Fruit 1" : {
    "transaction" : "Get Fruit 1",
    "sampleCount" : 4480044,
    "errorCount" : 0,
    "errorPct" : 0.0,
    "meanResTime" : 27.919032268434545,
    "medianResTime" : 15.0,
    "minResTime" : 0.0,
    "maxResTime" : 4370.0,
    "pct1ResTime" : 64.0,
    "pct2ResTime" : 103.0,
    "pct3ResTime" : 254.9900000000016,
    "throughput" : 14927.956656037266,
    "receivedKBytesPerSec" : 1341.183605815848,
    "sentKBytesPerSec" : 1851.416499332747
  },
  "Total" : {
    "transaction" : "Total",
    "sampleCount" : 17840308,
    "errorCount" : 0,
    "errorPct" : 0.0,
    "meanResTime" : 28.049191583467675,
    "medianResTime" : 15.0,
    "minResTime" : 0.0,
    "maxResTime" : 6847.0,
    "pct1ResTime" : 85.0,
    "pct2ResTime" : 176.0,
    "pct3ResTime" : 290.0,
    "throughput" : 59432.43009147906,
    "receivedKBytesPerSec" : 5339.632391031321,
    "sentKBytesPerSec" : 7342.124717589439
  },
  "Get Candy 1" : {
    "transaction" : "Get Candy 1",
    "sampleCount" : 4445692,
    "errorCount" : 0,
    "errorPct" : 0.0,
    "meanResTime" : 28.159159473935368,
    "medianResTime" : 15.0,
    "minResTime" : 0.0,
    "maxResTime" : 6847.0,
    "pct1ResTime" : 62.0,
    "pct2ResTime" : 99.0,
    "pct3ResTime" : 255.0,
    "throughput" : 14814.380875262,
    "receivedKBytesPerSec" : 1330.9795317618205,
    "sentKBytesPerSec" : 1822.863271760754
  },
  "Get Candy 2" : {
    "transaction" : "Get Candy 2",
    "sampleCount" : 4434447,
    "errorCount" : 0,
    "errorPct" : 0.0,
    "meanResTime" : 28.203940649196735,
    "medianResTime" : 15.0,
    "minResTime" : 0.0,
    "maxResTime" : 6845.0,
    "pct1ResTime" : 60.0,
    "pct2ResTime" : 92.0,
    "pct3ResTime" : 257.0,
    "throughput" : 14779.22385234264,
    "receivedKBytesPerSec" : 1327.820892983909,
    "sentKBytesPerSec" : 1818.5373099562235
  }
}