{
  "Total" : {
    "transaction" : "Total",
    "sampleCount" : 62394,
    "errorCount" : 0,
    "errorPct" : 0.0,
    "meanResTime" : 245.07734718081937,
    "medianResTime" : 799.0,
    "minResTime" : 0.0,
    "maxResTime" : 7682.0,
    "pct1ResTime" : 1534.9000000000015,
    "pct2ResTime" : 2288.0,
    "pct3ResTime" : 4018.9900000000016,
    "throughput" : 201.79433110389527,
    "receivedKBytesPerSec" : 28400.159948604603,
    "sentKBytesPerSec" : 45.67421686001759
  },
  "HTTP Request POST" : {
    "transaction" : "HTTP Request POST",
    "sampleCount" : 50000,
    "errorCount" : 0,
    "errorPct" : 0.0,
    "meanResTime" : 5.659380000000074,
    "medianResTime" : 4.0,
    "minResTime" : 0.0,
    "maxResTime" : 1086.0,
    "pct1ResTime" : 6.0,
    "pct2ResTime" : 7.0,
    "pct3ResTime" : 11.0,
    "throughput" : 6813.8457345325705,
    "receivedKBytesPerSec" : 685.3770611883347,
    "sentKBytesPerSec" : 1710.115579858272
  },
  "HTTP Request GET" : {
    "transaction" : "HTTP Request GET",
    "sampleCount" : 12394,
    "errorCount" : 0,
    "errorPct" : 0.0,
    "meanResTime" : 1210.9397289010856,
    "medianResTime" : 946.0,
    "minResTime" : 377.0,
    "maxResTime" : 7682.0,
    "pct1ResTime" : 2068.5,
    "pct2ResTime" : 2831.75,
    "pct3ResTime" : 4508.049999999999,
    "throughput" : 41.059177027532904,
    "receivedKBytesPerSec" : 29073.98721445502,
    "sentKBytesPerSec" : 5.212590833573513
  }
}