{
  "Total" : {
    "transaction" : "Total",
    "sampleCount" : 109922,
    "errorCount" : 0,
    "errorPct" : 0.0,
    "meanResTime" : 410.3307163261225,
    "medianResTime" : 385.0,
    "minResTime" : 1.0,
    "maxResTime" : 2896.0,
    "pct1ResTime" : 885.0,
    "pct2ResTime" : 1162.0,
    "pct3ResTime" : 1734.9800000000032,
    "throughput" : 121.49527545391344,
    "receivedKBytesPerSec" : 27080.804908997638,
    "sentKBytesPerSec" : 18.165832900890084
  },
  "HTTP Request POST" : {
    "transaction" : "HTTP Request POST",
    "sampleCount" : 20000,
    "errorCount" : 0,
    "errorPct" : 0.0,
    "meanResTime" : 5.994850000000009,
    "medianResTime" : 5.0,
    "minResTime" : 1.0,
    "maxResTime" : 560.0,
    "pct1ResTime" : 11.0,
    "pct2ResTime" : 13.0,
    "pct3ResTime" : 19.0,
    "throughput" : 5001.250312578144,
    "receivedKBytesPerSec" : 497.6312437484371,
    "sentKBytesPerSec" : 1255.1966116529131
  },
  "HTTP Request GET" : {
    "transaction" : "HTTP Request GET",
    "sampleCount" : 89922,
    "errorCount" : 0,
    "errorPct" : 0.0,
    "meanResTime" : 500.2610707057205,
    "medianResTime" : 385.0,
    "minResTime" : 165.0,
    "maxResTime" : 2896.0,
    "pct1ResTime" : 885.0,
    "pct2ResTime" : 1162.0,
    "pct3ResTime" : 1734.9800000000032,
    "throughput" : 99.83091736488655,
    "receivedKBytesPerSec" : 27198.855443159147,
    "sentKBytesPerSec" : 12.67384693108911
  }
}