{
  "Get Cart 2" : {
    "transaction" : "Get Cart 2",
    "sampleCount" : 973016,
    "errorCount" : 0,
    "errorPct" : 0.0,
    "meanResTime" : 76.92196120104842,
    "medianResTime" : 69.0,
    "minResTime" : 0.0,
    "maxResTime" : 1177.0,
    "pct1ResTime" : 103.0,
    "pct2ResTime" : 121.0,
    "pct3ResTime" : 161.9900000000016,
    "throughput" : 3241.3338219127886,
    "receivedKBytesPerSec" : 613.1767491265948,
    "sentKBytesPerSec" : 395.6706325577135
  },
  "Get Cart 1" : {
    "transaction" : "Get Cart 1",
    "sampleCount" : 970074,
    "errorCount" : 0,
    "errorPct" : 0.0,
    "meanResTime" : 77.14679911017066,
    "medianResTime" : 71.0,
    "minResTime" : 0.0,
    "maxResTime" : 1089.0,
    "pct1ResTime" : 105.0,
    "pct2ResTime" : 122.0,
    "pct3ResTime" : 163.0,
    "throughput" : 3231.8348092030305,
    "receivedKBytesPerSec" : 611.3809155035448,
    "sentKBytesPerSec" : 394.5110851077918
  },
  "Get Employee 2" : {
    "transaction" : "Get Employee 2",
    "sampleCount" : 970176,
    "errorCount" : 0,
    "errorPct" : 0.0,
    "meanResTime" : 77.13982926808886,
    "medianResTime" : 71.0,
    "minResTime" : 0.0,
    "maxResTime" : 1207.0,
    "pct1ResTime" : 107.0,
    "pct2ResTime" : 124.0,
    "pct3ResTime" : 162.0,
    "throughput" : 3230.7538612160083,
    "receivedKBytesPerSec" : 611.1772767375472,
    "sentKBytesPerSec" : 406.9992657195948
  },
  "Get Both" : {
    "transaction" : "Get Both",
    "sampleCount" : 913158,
    "errorCount" : 0,
    "errorPct" : 0.0,
    "meanResTime" : 81.9616900908704,
    "medianResTime" : 74.0,
    "minResTime" : 0.0,
    "maxResTime" : 1221.0,
    "pct1ResTime" : 119.0,
    "pct2ResTime" : 138.0,
    "pct3ResTime" : 185.0,
    "throughput" : 3041.3863391108566,
    "receivedKBytesPerSec" : 646.6333423815296,
    "sentKBytesPerSec" : 389.0836039292209
  },
  "Get Employee 1" : {
    "transaction" : "Get Employee 1",
    "sampleCount" : 969742,
    "errorCount" : 0,
    "errorPct" : 0.0,
    "meanResTime" : 77.17901153090247,
    "medianResTime" : 71.0,
    "minResTime" : 0.0,
    "maxResTime" : 1154.0,
    "pct1ResTime" : 106.0,
    "pct2ResTime" : 123.0,
    "pct3ResTime" : 163.0,
    "throughput" : 3229.674282288683,
    "receivedKBytesPerSec" : 610.9725510026727,
    "sentKBytesPerSec" : 406.86326407738295
  },
  "Total" : {
    "transaction" : "Total",
    "sampleCount" : 4796166,
    "errorCount" : 0,
    "errorPct" : 0.0,
    "meanResTime" : 78.02301171393343,
    "medianResTime" : 70.0,
    "minResTime" : 0.0,
    "maxResTime" : 1221.0,
    "pct1ResTime" : 109.0,
    "pct2ResTime" : 127.0,
    "pct3ResTime" : 170.0,
    "throughput" : 15955.999427786297,
    "receivedKBytesPerSec" : 3089.6682665397207,
    "sentKBytesPerSec" : 1990.7641457069833
  }
}