{
  "Get Cart 2" : {
    "transaction" : "Get Cart 2",
    "sampleCount" : 1049942,
    "errorCount" : 0,
    "errorPct" : 0.0,
    "meanResTime" : 71.27564284503222,
    "medianResTime" : 63.0,
    "minResTime" : 2.0,
    "maxResTime" : 26834.0,
    "pct1ResTime" : 71.0,
    "pct2ResTime" : 73.0,
    "pct3ResTime" : 97.0,
    "throughput" : 3498.8969534587673,
    "receivedKBytesPerSec" : 314.35402316231114,
    "sentKBytesPerSec" : 427.11144451400975
  },
  "Get Cart 1" : {
    "transaction" : "Get Cart 1",
    "sampleCount" : 1048593,
    "errorCount" : 0,
    "errorPct" : 0.0,
    "meanResTime" : 71.37052698234967,
    "medianResTime" : 63.0,
    "minResTime" : 1.0,
    "maxResTime" : 26836.0,
    "pct1ResTime" : 71.0,
    "pct2ResTime" : 73.0,
    "pct3ResTime" : 104.0,
    "throughput" : 3494.215145920945,
    "receivedKBytesPerSec" : 313.9333920163349,
    "sentKBytesPerSec" : 426.53993480480284
  },
  "Get Both" : {
    "transaction" : "Get Both",
    "sampleCount" : 527131,
    "errorCount" : 0,
    "errorPct" : 0.0,
    "meanResTime" : 142.03524550823226,
    "medianResTime" : 125.0,
    "minResTime" : 2.0,
    "maxResTime" : 26884.0,
    "pct1ResTime" : 140.0,
    "pct2ResTime" : 142.0,
    "pct3ResTime" : 153.0,
    "throughput" : 1756.1491589569666,
    "receivedKBytesPerSec" : 231.5235707609282,
    "sentKBytesPerSec" : 221.23363428266475
  },
  "Total" : {
    "transaction" : "Total",
    "sampleCount" : 4714160,
    "errorCount" : 0,
    "errorPct" : 0.0,
    "meanResTime" : 79.38354934919244,
    "medianResTime" : 67.0,
    "minResTime" : 1.0,
    "maxResTime" : 26884.0,
    "pct1ResTime" : 121.0,
    "pct2ResTime" : 136.0,
    "pct3ResTime" : 148.0,
    "throughput" : 15705.333435500044,
    "receivedKBytesPerSec" : 1484.7705956065954,
    "sentKBytesPerSec" : 1937.6045005130545
  },
  "Get Member 1" : {
    "transaction" : "Get Member 1",
    "sampleCount" : 1040277,
    "errorCount" : 0,
    "errorPct" : 0.0,
    "meanResTime" : 71.94491563304743,
    "medianResTime" : 63.0,
    "minResTime" : 2.0,
    "maxResTime" : 26837.0,
    "pct1ResTime" : 71.0,
    "pct2ResTime" : 73.0,
    "pct3ResTime" : 91.0,
    "throughput" : 3465.995642004678,
    "receivedKBytesPerSec" : 311.3980459613578,
    "sentKBytesPerSec" : 429.86469388143956
  },
  "Get Member 2" : {
    "transaction" : "Get Member 2",
    "sampleCount" : 1048217,
    "errorCount" : 0,
    "errorPct" : 0.0,
    "meanResTime" : 71.39648088134442,
    "medianResTime" : 63.0,
    "minResTime" : 2.0,
    "maxResTime" : 26837.0,
    "pct1ResTime" : 71.0,
    "pct2ResTime" : 73.0,
    "pct3ResTime" : 93.0,
    "throughput" : 3492.752705656555,
    "receivedKBytesPerSec" : 313.80200089883107,
    "sentKBytesPerSec" : 433.18319689295157
  }
}