{
  "Get Cart 2" : {
    "transaction" : "Get Cart 2",
    "sampleCount" : 1355445,
    "errorCount" : 130,
    "errorPct" : 0.009590946,
    "meanResTime" : 110.43966520220592,
    "medianResTime" : 106.0,
    "minResTime" : 7.0,
    "maxResTime" : 50051.0,
    "pct1ResTime" : 113.0,
    "pct2ResTime" : 117.0,
    "pct3ResTime" : 144.0,
    "throughput" : 4515.515949029733,
    "receivedKBytesPerSec" : 406.7600540309819,
    "sentKBytesPerSec" : 551.15757670005
  },
  "Get Cart 1" : {
    "transaction" : "Get Cart 1",
    "sampleCount" : 1359917,
    "errorCount" : 120,
    "errorPct" : 0.008824068,
    "meanResTime" : 110.07647599081645,
    "medianResTime" : 107.0,
    "minResTime" : 12.0,
    "maxResTime" : 50051.0,
    "pct1ResTime" : 113.0,
    "pct2ResTime" : 117.0,
    "pct3ResTime" : 146.0,
    "throughput" : 4529.810302616458,
    "receivedKBytesPerSec" : 407.96193717419186,
    "sentKBytesPerSec" : 552.9065660495395
  },
  "Total" : {
    "transaction" : "Total",
    "sampleCount" : 5452130,
    "errorCount" : 473,
    "errorPct" : 0.008675508,
    "meanResTime" : 109.83132225386419,
    "medianResTime" : 107.0,
    "minResTime" : 7.0,
    "maxResTime" : 50067.0,
    "pct1ResTime" : 119.0,
    "pct2ResTime" : 123.0,
    "pct3ResTime" : 245.9900000000016,
    "throughput" : 18155.429682687154,
    "receivedKBytesPerSec" : 1635.0403540340922,
    "sentKBytesPerSec" : 2233.8447770616262
  },
  "Get Member 1" : {
    "transaction" : "Get Member 1",
    "sampleCount" : 1371527,
    "errorCount" : 110,
    "errorPct" : 0.008020258,
    "meanResTime" : 109.15867059124167,
    "medianResTime" : 107.0,
    "minResTime" : 11.0,
    "maxResTime" : 50052.0,
    "pct1ResTime" : 113.0,
    "pct2ResTime" : 116.0,
    "pct3ResTime" : 145.0,
    "throughput" : 4567.159059879721,
    "receivedKBytesPerSec" : 411.23499479274193,
    "sentKBytesPerSec" : 566.3893366875262
  },
  "Get Member 2" : {
    "transaction" : "Get Member 2",
    "sampleCount" : 1365241,
    "errorCount" : 113,
    "errorPct" : 0.008276927,
    "meanResTime" : 109.6588953891601,
    "medianResTime" : 107.0,
    "minResTime" : 11.0,
    "maxResTime" : 50067.0,
    "pct1ResTime" : 113.0,
    "pct2ResTime" : 117.0,
    "pct3ResTime" : 148.0,
    "throughput" : 4546.741577524078,
    "receivedKBytesPerSec" : 409.4253794735037,
    "sentKBytesPerSec" : 563.8558460691783
  }
}