{
  "Get Big" : {
    "transaction" : "Get Big",
    "sampleCount" : 433,
    "errorCount" : 0,
    "errorPct" : 0.0,
    "meanResTime" : 3472.540415704385,
    "medianResTime" : 3423.0,
    "minResTime" : 2389.0,
    "maxResTime" : 6813.0,
    "pct1ResTime" : 3666.6,
    "pct2ResTime" : 3738.0,
    "pct3ResTime" : 5887.4999999999945,
    "throughput" : 1.4343922880710238,
    "receivedKBytesPerSec" : 23377.4985856391,
    "sentKBytesPerSec" : 0.17509671485241993
  },
  "Get Cart 2" : {
    "transaction" : "Get Cart 2",
    "sampleCount" : 888758,
    "errorCount" : 0,
    "errorPct" : 0.0,
    "meanResTime" : 166.91058083303693,
    "medianResTime" : 140.0,
    "minResTime" : 0.0,
    "maxResTime" : 9754.0,
    "pct1ResTime" : 184.0,
    "pct2ResTime" : 193.0,
    "pct3ResTime" : 213.0,
    "throughput" : 2947.0253135175644,
    "receivedKBytesPerSec" : 264.7718055113437,
    "sentKBytesPerSec" : 359.74430096649957
  },
  "Get Cart 1" : {
    "transaction" : "Get Cart 1",
    "sampleCount" : 881050,
    "errorCount" : 0,
    "errorPct" : 0.0,
    "meanResTime" : 168.2960263322153,
    "medianResTime" : 159.0,
    "minResTime" : 0.0,
    "maxResTime" : 10662.0,
    "pct1ResTime" : 196.0,
    "pct2ResTime" : 209.0,
    "pct3ResTime" : 228.0,
    "throughput" : 2919.5399251765375,
    "receivedKBytesPerSec" : 262.30241515257956,
    "sentKBytesPerSec" : 356.38915102252656
  },
  "Total" : {
    "transaction" : "Total",
    "sampleCount" : 3532927,
    "errorCount" : 0,
    "errorPct" : 0.0,
    "meanResTime" : 168.30920621909084,
    "medianResTime" : 149.0,
    "minResTime" : 0.0,
    "maxResTime" : 10662.0,
    "pct1ResTime" : 186.0,
    "pct2ResTime" : 197.0,
    "pct3ResTime" : 216.0,
    "throughput" : 11703.47169311293,
    "receivedKBytesPerSec" : 24434.555864796934,
    "sentKBytesPerSec" : 1440.0511777368984
  },
  "Get Member 1" : {
    "transaction" : "Get Member 1",
    "sampleCount" : 880492,
    "errorCount" : 0,
    "errorPct" : 0.0,
    "meanResTime" : 168.34747731950324,
    "medianResTime" : 160.0,
    "minResTime" : 0.0,
    "maxResTime" : 9461.0,
    "pct1ResTime" : 199.0,
    "pct2ResTime" : 211.0,
    "pct3ResTime" : 227.0,
    "throughput" : 2923.173456480673,
    "receivedKBytesPerSec" : 265.48352680927985,
    "sentKBytesPerSec" : 362.5420204814897
  },
  "Get Member 2" : {
    "transaction" : "Get Member 2",
    "sampleCount" : 882194,
    "errorCount" : 0,
    "errorPct" : 0.0,
    "meanResTime" : 168.07141513091304,
    "medianResTime" : 160.0,
    "minResTime" : 0.0,
    "maxResTime" : 9576.0,
    "pct1ResTime" : 199.0,
    "pct2ResTime" : 212.0,
    "pct3ResTime" : 227.0,
    "throughput" : 2931.227655134833,
    "receivedKBytesPerSec" : 266.2150116479878,
    "sentKBytesPerSec" : 363.54092988488657
  }
}