{
  "Get Drink 1" : {
    "transaction" : "Get Drink 1",
    "sampleCount" : 2290992,
    "errorCount" : 48,
    "errorPct" : 0.0020951622,
    "meanResTime" : 64.87453775482648,
    "medianResTime" : 62.0,
    "minResTime" : 0.0,
    "maxResTime" : 50050.0,
    "pct1ResTime" : 109.0,
    "pct2ResTime" : 136.0,
    "pct3ResTime" : 216.0,
    "throughput" : 6616.258551926692,
    "receivedKBytesPerSec" : 594.7794169672536,
    "sentKBytesPerSec" : 801.1707728429218
  },
  "Get Cookie 2" : {
    "transaction" : "Get Cookie 2",
    "sampleCount" : 2329437,
    "errorCount" : 52,
    "errorPct" : 0.002232299,
    "meanResTime" : 64.09300101268994,
    "medianResTime" : 2.0,
    "minResTime" : 0.0,
    "maxResTime" : 50052.0,
    "pct1ResTime" : 14.0,
    "pct2ResTime" : 24.0,
    "pct3ResTime" : 53.0,
    "throughput" : 6784.63622065591,
    "receivedKBytesPerSec" : 609.9394914661851,
    "sentKBytesPerSec" : 828.1841756941006
  },
  "Total" : {
    "transaction" : "Total",
    "sampleCount" : 9209979,
    "errorCount" : 210,
    "errorPct" : 0.0022801354,
    "meanResTime" : 64.7311765857456,
    "medianResTime" : 2.0,
    "minResTime" : 0.0,
    "maxResTime" : 50056.0,
    "pct1ResTime" : 14.0,
    "pct2ResTime" : 25.0,
    "pct3ResTime" : 56.0,
    "throughput" : 26585.24328006651,
    "receivedKBytesPerSec" : 2390.0481991685956,
    "sentKBytesPerSec" : 3232.2873366246836
  },
  "Get Drink 2" : {
    "transaction" : "Get Drink 2",
    "sampleCount" : 2288046,
    "errorCount" : 58,
    "errorPct" : 0.002534914,
    "meanResTime" : 65.11415198820647,
    "medianResTime" : 55.0,
    "minResTime" : 0.0,
    "maxResTime" : 50056.0,
    "pct1ResTime" : 103.0,
    "pct2ResTime" : 118.0,
    "pct3ResTime" : 193.0,
    "throughput" : 6765.143652926724,
    "receivedKBytesPerSec" : 608.2387882952506,
    "sentKBytesPerSec" : 819.1958477843713
  },
  "Get Cookie 1" : {
    "transaction" : "Get Cookie 1",
    "sampleCount" : 2301504,
    "errorCount" : 52,
    "errorPct" : 0.002259392,
    "meanResTime" : 64.85365526195322,
    "medianResTime" : 25.0,
    "minResTime" : 0.0,
    "maxResTime" : 50050.0,
    "pct1ResTime" : 53.0,
    "pct2ResTime" : 86.0,
    "pct3ResTime" : 178.9900000000016,
    "throughput" : 6701.152136125014,
    "receivedKBytesPerSec" : 602.4388469066731,
    "sentKBytesPerSec" : 817.9932532741396
  }
}