{
  "Get Cart 2" : {
    "transaction" : "Get Cart 2",
    "sampleCount" : 1365145,
    "errorCount" : 0,
    "errorPct" : 0.0,
    "meanResTime" : 109.61654329760408,
    "medianResTime" : 99.0,
    "minResTime" : 2.0,
    "maxResTime" : 32858.0,
    "pct1ResTime" : 111.0,
    "pct2ResTime" : 116.0,
    "pct3ResTime" : 162.0,
    "throughput" : 4548.800277230758,
    "receivedKBytesPerSec" : 408.6812749074509,
    "sentKBytesPerSec" : 555.2734713416453
  },
  "Get Cart 1" : {
    "transaction" : "Get Cart 1",
    "sampleCount" : 1360916,
    "errorCount" : 0,
    "errorPct" : 0.0,
    "meanResTime" : 109.96226365183567,
    "medianResTime" : 99.0,
    "minResTime" : 1.0,
    "maxResTime" : 32862.0,
    "pct1ResTime" : 111.0,
    "pct2ResTime" : 116.0,
    "pct3ResTime" : 161.0,
    "throughput" : 4534.134713092498,
    "receivedKBytesPerSec" : 407.36366562940407,
    "sentKBytesPerSec" : 553.483241344299
  },
  "Total" : {
    "transaction" : "Total",
    "sampleCount" : 5450366,
    "errorCount" : 0,
    "errorPct" : 0.0,
    "meanResTime" : 109.82582766001568,
    "medianResTime" : 104.0,
    "minResTime" : 1.0,
    "maxResTime" : 32862.0,
    "pct1ResTime" : 116.0,
    "pct2ResTime" : 129.95000000000073,
    "pct3ResTime" : 185.9900000000016,
    "throughput" : 18154.452371911455,
    "receivedKBytesPerSec" : 1631.0640802889197,
    "sentKBytesPerSec" : 2233.8429197810287
  },
  "Get Member 1" : {
    "transaction" : "Get Member 1",
    "sampleCount" : 1365589,
    "errorCount" : 0,
    "errorPct" : 0.0,
    "meanResTime" : 109.58438153792969,
    "medianResTime" : 99.0,
    "minResTime" : 1.0,
    "maxResTime" : 32858.0,
    "pct1ResTime" : 110.0,
    "pct2ResTime" : 114.0,
    "pct3ResTime" : 140.0,
    "throughput" : 4548.6731264385435,
    "receivedKBytesPerSec" : 408.6698512034628,
    "sentKBytesPerSec" : 564.1420772047802
  },
  "Get Member 2" : {
    "transaction" : "Get Member 2",
    "sampleCount" : 1358716,
    "errorCount" : 0,
    "errorPct" : 0.0,
    "meanResTime" : 110.1421128477204,
    "medianResTime" : 99.0,
    "minResTime" : 1.0,
    "maxResTime" : 32858.0,
    "pct1ResTime" : 110.0,
    "pct2ResTime" : 115.0,
    "pct3ResTime" : 159.0,
    "throughput" : 4526.27721664046,
    "receivedKBytesPerSec" : 406.6577186825413,
    "sentKBytesPerSec" : 561.3644594856821
  }
}