{
  "Get Big" : {
    "transaction" : "Get Big",
    "sampleCount" : 6122,
    "errorCount" : 0,
    "errorPct" : 0.0,
    "meanResTime" : 244.47174126102533,
    "medianResTime" : 227.0,
    "minResTime" : 142.0,
    "maxResTime" : 3292.0,
    "pct1ResTime" : 307.6999999999998,
    "pct2ResTime" : 358.84999999999945,
    "pct3ResTime" : 539.7699999999995,
    "throughput" : 20.394837660823388,
    "receivedKBytesPerSec" : 318671.03138122597,
    "sentKBytesPerSec" : 2.5692715412560716
  },
  "Get Cart 2" : {
    "transaction" : "Get Cart 2",
    "sampleCount" : 622931,
    "errorCount" : 0,
    "errorPct" : 0.0,
    "meanResTime" : 23.72726995445707,
    "medianResTime" : 17.0,
    "minResTime" : 0.0,
    "maxResTime" : 2819.0,
    "pct1ResTime" : 34.0,
    "pct2ResTime" : 52.0,
    "pct3ResTime" : 118.0,
    "throughput" : 2075.779336543428,
    "receivedKBytesPerSec" : 186.49579976757357,
    "sentKBytesPerSec" : 253.3910322928989
  },
  "Get Cart 1" : {
    "transaction" : "Get Cart 1",
    "sampleCount" : 619872,
    "errorCount" : 0,
    "errorPct" : 0.0,
    "meanResTime" : 23.850919222032623,
    "medianResTime" : 17.0,
    "minResTime" : 0.0,
    "maxResTime" : 3069.0,
    "pct1ResTime" : 36.0,
    "pct2ResTime" : 54.0,
    "pct3ResTime" : 129.0,
    "throughput" : 2065.510186400805,
    "receivedKBytesPerSec" : 185.57318080944734,
    "sentKBytesPerSec" : 252.13747392587953
  },
  "Total" : {
    "transaction" : "Total",
    "sampleCount" : 2494057,
    "errorCount" : 0,
    "errorPct" : 0.0,
    "meanResTime" : 24.309478893225393,
    "medianResTime" : 17.0,
    "minResTime" : 0.0,
    "maxResTime" : 3292.0,
    "pct1ResTime" : 38.0,
    "pct2ResTime" : 63.0,
    "pct3ResTime" : 143.9900000000016,
    "throughput" : 8308.704284848121,
    "receivedKBytesPerSec" : 319415.6841831217,
    "sentKBytesPerSec" : 1022.4274250361874
  },
  "Get Member 1" : {
    "transaction" : "Get Member 1",
    "sampleCount" : 625596,
    "errorCount" : 0,
    "errorPct" : 0.0,
    "meanResTime" : 23.63002001291597,
    "medianResTime" : 17.0,
    "minResTime" : 0.0,
    "maxResTime" : 3078.0,
    "pct1ResTime" : 33.0,
    "pct2ResTime" : 51.0,
    "pct3ResTime" : 127.9900000000016,
    "throughput" : 2084.5000966286593,
    "receivedKBytesPerSec" : 187.27930555648112,
    "sentKBytesPerSec" : 258.52686745296853
  },
  "Get Member 2" : {
    "transaction" : "Get Member 2",
    "sampleCount" : 619536,
    "errorCount" : 0,
    "errorPct" : 0.0,
    "meanResTime" : 23.864238720591644,
    "medianResTime" : 17.0,
    "minResTime" : 0.0,
    "maxResTime" : 3137.0,
    "pct1ResTime" : 34.0,
    "pct2ResTime" : 53.0,
    "pct3ResTime" : 120.9900000000016,
    "throughput" : 2064.3561882103622,
    "receivedKBytesPerSec" : 185.46950128452474,
    "sentKBytesPerSec" : 256.0285506862461
  }
}