{
  "Total" : {
    "transaction" : "Total",
    "sampleCount" : 105103,
    "errorCount" : 0,
    "errorPct" : 0.0,
    "meanResTime" : 156.0844029190411,
    "medianResTime" : 13.0,
    "minResTime" : 1.0,
    "maxResTime" : 4499.0,
    "pct1ResTime" : 2966.0,
    "pct2ResTime" : 3076.0,
    "pct3ResTime" : 3550.980000000003,
    "throughput" : 317.692968032113,
    "receivedKBytesPerSec" : 42249.38911415481,
    "sentKBytesPerSec" : 77.1246486368081
  },
  "HTTP Request POST" : {
    "transaction" : "HTTP Request POST",
    "sampleCount" : 100000,
    "errorCount" : 0,
    "errorPct" : 0.0,
    "meanResTime" : 13.549080000000018,
    "medianResTime" : 13.0,
    "minResTime" : 1.0,
    "maxResTime" : 57.0,
    "pct1ResTime" : 14.0,
    "pct2ResTime" : 14.0,
    "pct3ResTime" : 20.0,
    "throughput" : 3599.712023038157,
    "receivedKBytesPerSec" : 362.0804085673146,
    "sentKBytesPerSec" : 896.412661987041
  },
  "HTTP Request GET" : {
    "transaction" : "HTTP Request GET",
    "sampleCount" : 5103,
    "errorCount" : 0,
    "errorPct" : 0.0,
    "meanResTime" : 2949.251616696064,
    "medianResTime" : 2921.0,
    "minResTime" : 185.0,
    "maxResTime" : 4499.0,
    "pct1ResTime" : 3216.0,
    "pct2ResTime" : 3409.8,
    "pct3ResTime" : 4019.8,
    "throughput" : 16.838694349484577,
    "receivedKBytesPerSec" : 46089.09132975219,
    "sentKBytesPerSec" : 2.0226166064322295
  }
}