{
  "Get Cart 2" : {
    "transaction" : "Get Cart 2",
    "sampleCount" : 1125811,
    "errorCount" : 0,
    "errorPct" : 0.0,
    "meanResTime" : 132.80533144550887,
    "medianResTime" : 120.0,
    "minResTime" : 1.0,
    "maxResTime" : 25842.0,
    "pct1ResTime" : 138.0,
    "pct2ResTime" : 142.0,
    "pct3ResTime" : 170.0,
    "throughput" : 3751.1903532241995,
    "receivedKBytesPerSec" : 337.0210082974867,
    "sentKBytesPerSec" : 457.90897866506344
  },
  "Get Cart 1" : {
    "transaction" : "Get Cart 1",
    "sampleCount" : 1123284,
    "errorCount" : 0,
    "errorPct" : 0.0,
    "meanResTime" : 133.115104461559,
    "medianResTime" : 120.0,
    "minResTime" : 1.0,
    "maxResTime" : 25843.0,
    "pct1ResTime" : 138.0,
    "pct2ResTime" : 142.0,
    "pct3ResTime" : 171.0,
    "throughput" : 3741.935054032806,
    "receivedKBytesPerSec" : 336.18947751075996,
    "sentKBytesPerSec" : 456.77918140048905
  },
  "Get Both" : {
    "transaction" : "Get Both",
    "sampleCount" : 569533,
    "errorCount" : 0,
    "errorPct" : 0.0,
    "meanResTime" : 262.7691319028135,
    "medianResTime" : 239.0,
    "minResTime" : 2.0,
    "maxResTime" : 25949.0,
    "pct1ResTime" : 261.0,
    "pct2ResTime" : 266.0,
    "pct3ResTime" : 285.0,
    "throughput" : 1896.376283184662,
    "receivedKBytesPerSec" : 250.0105451464154,
    "sentKBytesPerSec" : 238.89896536213027
  },
  "Total" : {
    "transaction" : "Total",
    "sampleCount" : 5061261,
    "errorCount" : 0,
    "errorPct" : 0.0,
    "meanResTime" : 147.74067470536562,
    "medianResTime" : 124.0,
    "minResTime" : 0.0,
    "maxResTime" : 25949.0,
    "pct1ResTime" : 235.0,
    "pct2ResTime" : 248.0,
    "pct3ResTime" : 2811.0,
    "throughput" : 16852.107986441762,
    "receivedKBytesPerSec" : 1593.687709324244,
    "sentKBytesPerSec" : 2079.1338735322593
  },
  "Get Member 1" : {
    "transaction" : "Get Member 1",
    "sampleCount" : 1123932,
    "errorCount" : 0,
    "errorPct" : 0.0,
    "meanResTime" : 133.03657249726672,
    "medianResTime" : 120.0,
    "minResTime" : 1.0,
    "maxResTime" : 25843.0,
    "pct1ResTime" : 137.0,
    "pct2ResTime" : 141.0,
    "pct3ResTime" : 169.0,
    "throughput" : 3742.821938792501,
    "receivedKBytesPerSec" : 336.2691585633887,
    "sentKBytesPerSec" : 464.1976427994605
  },
  "Get Member 2" : {
    "transaction" : "Get Member 2",
    "sampleCount" : 1118701,
    "errorCount" : 0,
    "errorPct" : 0.0,
    "meanResTime" : 133.66805965132303,
    "medianResTime" : 120.0,
    "minResTime" : 0.0,
    "maxResTime" : 25846.0,
    "pct1ResTime" : 138.0,
    "pct2ResTime" : 142.0,
    "pct3ResTime" : 170.0,
    "throughput" : 3725.9852852522786,
    "receivedKBytesPerSec" : 334.75649047188443,
    "sentKBytesPerSec" : 462.1095031514057
  }
}