{
  "Total" : {
    "transaction" : "Total",
    "sampleCount" : 168479,
    "errorCount" : 0,
    "errorPct" : 0.0,
    "meanResTime" : 2675.6201188279124,
    "medianResTime" : 3031.0,
    "minResTime" : 0.0,
    "maxResTime" : 5421.0,
    "pct1ResTime" : 3537.0,
    "pct2ResTime" : 3616.0,
    "pct3ResTime" : 4088.0,
    "throughput" : 185.59779854675884,
    "receivedKBytesPerSec" : 89569.74280196484,
    "sentKBytesPerSec" : 26.635704427307097
  },
  "HTTP Request POST" : {
    "transaction" : "HTTP Request POST",
    "sampleCount" : 20000,
    "errorCount" : 0,
    "errorPct" : 0.0,
    "meanResTime" : 7.989650000000089,
    "medianResTime" : 2.0,
    "minResTime" : 0.0,
    "maxResTime" : 77.0,
    "pct1ResTime" : 23.0,
    "pct2ResTime" : 24.0,
    "pct3ResTime" : 30.0,
    "throughput" : 4233.7002540220155,
    "receivedKBytesPerSec" : 825.6955837214225,
    "sentKBytesPerSec" : 1066.6940093141404
  },
  "HTTP Request GET" : {
    "transaction" : "HTTP Request GET",
    "sampleCount" : 148479,
    "errorCount" : 0,
    "errorPct" : 0.0,
    "meanResTime" : 3034.9477636568113,
    "medianResTime" : 3031.0,
    "minResTime" : 348.0,
    "maxResTime" : 5421.0,
    "pct1ResTime" : 3537.0,
    "pct2ResTime" : 3616.0,
    "pct3ResTime" : 4088.0,
    "throughput" : 164.42147016906247,
    "receivedKBytesPerSec" : 90034.08204844454,
    "sentKBytesPerSec" : 21.19495513898071
  }
}