{
  "Get Cart 2" : {
    "transaction" : "Get Cart 2",
    "sampleCount" : 1480388,
    "errorCount" : 0,
    "errorPct" : 0.0,
    "meanResTime" : 10.083572684998884,
    "medianResTime" : 9.0,
    "minResTime" : 0.0,
    "maxResTime" : 13317.0,
    "pct1ResTime" : 10.0,
    "pct2ResTime" : 11.0,
    "pct3ResTime" : 12.0,
    "throughput" : 4934.396394834907,
    "receivedKBytesPerSec" : 443.3246760984487,
    "sentKBytesPerSec" : 602.3433099163706
  },
  "Get Cart 1" : {
    "transaction" : "Get Cart 1",
    "sampleCount" : 1450398,
    "errorCount" : 0,
    "errorPct" : 0.0,
    "meanResTime" : 10.292455588052293,
    "medianResTime" : 9.0,
    "minResTime" : 0.0,
    "maxResTime" : 13316.0,
    "pct1ResTime" : 10.0,
    "pct2ResTime" : 11.0,
    "pct3ResTime" : 12.0,
    "throughput" : 4834.289371148212,
    "receivedKBytesPerSec" : 434.33068568909715,
    "sentKBytesPerSec" : 590.1232142514907
  },
  "Total" : {
    "transaction" : "Total",
    "sampleCount" : 5884090,
    "errorCount" : 0,
    "errorPct" : 0.0,
    "meanResTime" : 10.147726836265575,
    "medianResTime" : 9.0,
    "minResTime" : 0.0,
    "maxResTime" : 13317.0,
    "pct1ResTime" : 10.0,
    "pct2ResTime" : 10.0,
    "pct3ResTime" : 12.0,
    "throughput" : 19611.34534304331,
    "receivedKBytesPerSec" : 1761.9568081640473,
    "sentKBytesPerSec" : 2413.188051237772
  },
  "Get Member 1" : {
    "transaction" : "Get Member 1",
    "sampleCount" : 1488710,
    "errorCount" : 0,
    "errorPct" : 0.0,
    "meanResTime" : 10.026471911924059,
    "medianResTime" : 9.0,
    "minResTime" : 0.0,
    "maxResTime" : 13280.0,
    "pct1ResTime" : 10.0,
    "pct2ResTime" : 11.0,
    "pct3ResTime" : 12.0,
    "throughput" : 4961.7877914243345,
    "receivedKBytesPerSec" : 445.78562188577996,
    "sentKBytesPerSec" : 615.3779780379789
  },
  "Get Member 2" : {
    "transaction" : "Get Member 2",
    "sampleCount" : 1464594,
    "errorCount" : 0,
    "errorPct" : 0.0,
    "meanResTime" : 10.19249839887375,
    "medianResTime" : 9.0,
    "minResTime" : 0.0,
    "maxResTime" : 13282.0,
    "pct1ResTime" : 10.0,
    "pct2ResTime" : 11.0,
    "pct3ResTime" : 12.0,
    "throughput" : 4881.524391056834,
    "receivedKBytesPerSec" : 438.57445700901246,
    "sentKBytesPerSec" : 605.4234352189628
  }
}