{
  "Get Big" : {
    "transaction" : "Get Big",
    "sampleCount" : 417,
    "errorCount" : 0,
    "errorPct" : 0.0,
    "meanResTime" : 3606.1055155875283,
    "medianResTime" : 3600.0,
    "minResTime" : 1939.0,
    "maxResTime" : 7408.0,
    "pct1ResTime" : 3786.0,
    "pct2ResTime" : 3839.5,
    "pct3ResTime" : 5494.16,
    "throughput" : 1.3812840973457483,
    "receivedKBytesPerSec" : 22511.949695080297,
    "sentKBytesPerSec" : 0.16861378141427594
  },
  "Get Cart 2" : {
    "transaction" : "Get Cart 2",
    "sampleCount" : 929519,
    "errorCount" : 0,
    "errorPct" : 0.0,
    "meanResTime" : 80.1834023833856,
    "medianResTime" : 72.0,
    "minResTime" : 0.0,
    "maxResTime" : 8101.0,
    "pct1ResTime" : 89.0,
    "pct2ResTime" : 145.0,
    "pct3ResTime" : 231.9900000000016,
    "throughput" : 3085.151084676456,
    "receivedKBytesPerSec" : 277.1815427639003,
    "sentKBytesPerSec" : 376.6053570161689
  },
  "Get Cart 1" : {
    "transaction" : "Get Cart 1",
    "sampleCount" : 927648,
    "errorCount" : 0,
    "errorPct" : 0.0,
    "meanResTime" : 80.35920198178454,
    "medianResTime" : 72.0,
    "minResTime" : 0.0,
    "maxResTime" : 8125.0,
    "pct1ResTime" : 89.0,
    "pct2ResTime" : 146.0,
    "pct3ResTime" : 231.9900000000016,
    "throughput" : 3074.6447736063556,
    "receivedKBytesPerSec" : 276.23761637869603,
    "sentKBytesPerSec" : 375.3228483406196
  },
  "Total" : {
    "transaction" : "Total",
    "sampleCount" : 3710571,
    "errorCount" : 0,
    "errorPct" : 0.0,
    "meanResTime" : 80.7650841339551,
    "medianResTime" : 68.0,
    "minResTime" : 0.0,
    "maxResTime" : 8125.0,
    "pct1ResTime" : 86.0,
    "pct2ResTime" : 222.0,
    "pct3ResTime" : 243.0,
    "throughput" : 12291.013703530722,
    "receivedKBytesPerSec" : 23622.090394118324,
    "sentKBytesPerSec" : 1512.3559564408997
  },
  "Get Member 1" : {
    "transaction" : "Get Member 1",
    "sampleCount" : 925403,
    "errorCount" : 0,
    "errorPct" : 0.0,
    "meanResTime" : 80.55946652431486,
    "medianResTime" : 72.0,
    "minResTime" : 0.0,
    "maxResTime" : 5051.0,
    "pct1ResTime" : 89.0,
    "pct2ResTime" : 146.0,
    "pct3ResTime" : 232.0,
    "throughput" : 3065.425792688582,
    "receivedKBytesPerSec" : 278.40292843753724,
    "sentKBytesPerSec" : 380.18464421040034
  },
  "Get Member 2" : {
    "transaction" : "Get Member 2",
    "sampleCount" : 927584,
    "errorCount" : 0,
    "errorPct" : 0.0,
    "meanResTime" : 80.37418929175192,
    "medianResTime" : 72.0,
    "minResTime" : 0.0,
    "maxResTime" : 5821.0,
    "pct1ResTime" : 89.0,
    "pct2ResTime" : 146.0,
    "pct3ResTime" : 230.0,
    "throughput" : 3074.2084837156276,
    "receivedKBytesPerSec" : 279.20057518120444,
    "sentKBytesPerSec" : 381.2739037420749
  }
}