{
  "Get Fruit 2" : {
    "transaction" : "Get Fruit 2",
    "sampleCount" : 3985508,
    "errorCount" : 0,
    "errorPct" : 0.0,
    "meanResTime" : 33.982965534132454,
    "medianResTime" : 20.0,
    "minResTime" : 0.0,
    "maxResTime" : 7314.0,
    "pct1ResTime" : 65.0,
    "pct2ResTime" : 83.0,
    "pct3ResTime" : 123.0,
    "throughput" : 13282.325927061498,
    "receivedKBytesPerSec" : 1193.3339700094316,
    "sentKBytesPerSec" : 1647.3197194695413
  },
  "Get Fruit 1" : {
    "transaction" : "Get Fruit 1",
    "sampleCount" : 4022277,
    "errorCount" : 0,
    "errorPct" : 0.0,
    "meanResTime" : 33.683763947636855,
    "medianResTime" : 21.0,
    "minResTime" : 0.0,
    "maxResTime" : 7315.0,
    "pct1ResTime" : 65.0,
    "pct2ResTime" : 82.0,
    "pct3ResTime" : 121.0,
    "throughput" : 13405.57916312553,
    "receivedKBytesPerSec" : 1204.4075029370595,
    "sentKBytesPerSec" : 1662.6060094892016
  },
  "Get Both" : {
    "transaction" : "Get Both",
    "sampleCount" : 121479,
    "errorCount" : 0,
    "errorPct" : 0.0,
    "meanResTime" : 1157.3532215444657,
    "medianResTime" : 1032.0,
    "minResTime" : 0.0,
    "maxResTime" : 5772.0,
    "pct1ResTime" : 2141.0,
    "pct2ResTime" : 2570.0,
    "pct3ResTime" : 2803.0,
    "throughput" : 404.59149178520636,
    "receivedKBytesPerSec" : 52.15437198793676,
    "sentKBytesPerSec" : 50.96904535184729
  },
  "Total" : {
    "transaction" : "Total",
    "sampleCount" : 16138553,
    "errorCount" : 0,
    "errorPct" : 0.0,
    "meanResTime" : 42.287982571924225,
    "medianResTime" : 18.0,
    "minResTime" : 0.0,
    "maxResTime" : 7315.0,
    "pct1ResTime" : 74.0,
    "pct2ResTime" : 121.0,
    "pct3ResTime" : 1120.0,
    "throughput" : 53750.205661263404,
    "receivedKBytesPerSec" : 4844.924395026995,
    "sentKBytesPerSec" : 6641.025381160263
  },
  "Get Candy 1" : {
    "transaction" : "Get Candy 1",
    "sampleCount" : 4023070,
    "errorCount" : 0,
    "errorPct" : 0.0,
    "meanResTime" : 33.66891627538457,
    "medianResTime" : 19.0,
    "minResTime" : 0.0,
    "maxResTime" : 7305.0,
    "pct1ResTime" : 63.0,
    "pct2ResTime" : 80.0,
    "pct3ResTime" : 126.0,
    "throughput" : 13407.68587301746,
    "receivedKBytesPerSec" : 1204.5967776539123,
    "sentKBytesPerSec" : 1649.7738476564452
  },
  "Get Candy 2" : {
    "transaction" : "Get Candy 2",
    "sampleCount" : 3986219,
    "errorCount" : 0,
    "errorPct" : 0.0,
    "meanResTime" : 33.99098719864371,
    "medianResTime" : 17.0,
    "minResTime" : 0.0,
    "maxResTime" : 7312.0,
    "pct1ResTime" : 59.0,
    "pct2ResTime" : 77.0,
    "pct3ResTime" : 120.0,
    "throughput" : 13285.00536570084,
    "receivedKBytesPerSec" : 1193.574700824685,
    "sentKBytesPerSec" : 1634.6783946077207
  }
}