{
  "Get Fruit 2" : {
    "transaction" : "Get Fruit 2",
    "sampleCount" : 4668415,
    "errorCount" : 0,
    "errorPct" : 0.0,
    "meanResTime" : 15.104372469029743,
    "medianResTime" : 10.0,
    "minResTime" : 0.0,
    "maxResTime" : 3404.0,
    "pct1ResTime" : 32.0,
    "pct2ResTime" : 43.0,
    "pct3ResTime" : 83.0,
    "throughput" : 15560.34597693487,
    "receivedKBytesPerSec" : 1397.9998338652424,
    "sentKBytesPerSec" : 1929.8475967487586
  },
  "Get Fruit 1" : {
    "transaction" : "Get Fruit 1",
    "sampleCount" : 4668479,
    "errorCount" : 0,
    "errorPct" : 0.0,
    "meanResTime" : 15.102158754490148,
    "medianResTime" : 11.0,
    "minResTime" : 0.0,
    "maxResTime" : 3396.0,
    "pct1ResTime" : 32.0,
    "pct2ResTime" : 44.0,
    "pct3ResTime" : 83.0,
    "throughput" : 15560.559296046931,
    "receivedKBytesPerSec" : 1398.0189992542164,
    "sentKBytesPerSec" : 1929.8740533183206
  },
  "Total" : {
    "transaction" : "Total",
    "sampleCount" : 18665644,
    "errorCount" : 0,
    "errorPct" : 0.0,
    "meanResTime" : 15.108367061964769,
    "medianResTime" : 11.0,
    "minResTime" : 0.0,
    "maxResTime" : 3404.0,
    "pct1ResTime" : 32.0,
    "pct2ResTime" : 42.0,
    "pct3ResTime" : 83.0,
    "throughput" : 62205.1282051282,
    "receivedKBytesPerSec" : 5588.741987179487,
    "sentKBytesPerSec" : 7684.533484664625
  },
  "Get Candy 1" : {
    "transaction" : "Get Candy 1",
    "sampleCount" : 4671723,
    "errorCount" : 0,
    "errorPct" : 0.0,
    "meanResTime" : 15.089299815079746,
    "medianResTime" : 10.0,
    "minResTime" : 0.0,
    "maxResTime" : 3342.0,
    "pct1ResTime" : 31.0,
    "pct2ResTime" : 43.0,
    "pct3ResTime" : 85.0,
    "throughput" : 15571.57951575916,
    "receivedKBytesPerSec" : 1399.0090971189868,
    "sentKBytesPerSec" : 1916.0341982281777
  },
  "Get Candy 2" : {
    "transaction" : "Get Candy 2",
    "sampleCount" : 4657027,
    "errorCount" : 0,
    "errorPct" : 0.0,
    "meanResTime" : 15.137722413891833,
    "medianResTime" : 10.0,
    "minResTime" : 0.0,
    "maxResTime" : 3347.0,
    "pct1ResTime" : 31.0,
    "pct2ResTime" : 42.0,
    "pct3ResTime" : 83.0,
    "throughput" : 15522.491983814305,
    "receivedKBytesPerSec" : 1394.5988891708166,
    "sentKBytesPerSec" : 1909.9941308209009
  }
}