{
  "Total" : {
    "transaction" : "Total",
    "sampleCount" : 104544,
    "errorCount" : 0,
    "errorPct" : 0.0,
    "meanResTime" : 432.18776782981337,
    "medianResTime" : 449.0,
    "minResTime" : 1.0,
    "maxResTime" : 3114.0,
    "pct1ResTime" : 729.0,
    "pct2ResTime" : 1700.9500000000007,
    "pct3ResTime" : 2015.0,
    "throughput" : 115.42512669338545,
    "receivedKBytesPerSec" : 56949.487962662024,
    "sentKBytesPerSec" : 17.648057368089827
  },
  "HTTP Request POST" : {
    "transaction" : "HTTP Request POST",
    "sampleCount" : 25000,
    "errorCount" : 0,
    "errorPct" : 0.0,
    "meanResTime" : 7.816400000000069,
    "medianResTime" : 6.0,
    "minResTime" : 1.0,
    "maxResTime" : 1025.0,
    "pct1ResTime" : 8.0,
    "pct2ResTime" : 10.0,
    "pct3ResTime" : 14.0,
    "throughput" : 5225.752508361204,
    "receivedKBytesPerSec" : 518.2668628501254,
    "sentKBytesPerSec" : 1311.5414010242475
  },
  "HTTP Request GET" : {
    "transaction" : "HTTP Request GET",
    "sampleCount" : 79544,
    "errorCount" : 0,
    "errorPct" : 0.0,
    "meanResTime" : 565.5640651714795,
    "medianResTime" : 449.0,
    "minResTime" : 115.0,
    "maxResTime" : 3114.0,
    "pct1ResTime" : 729.0,
    "pct2ResTime" : 1700.9500000000007,
    "pct3ResTime" : 2015.0,
    "throughput" : 88.28951822808273,
    "receivedKBytesPerSec" : 57249.19983323066,
    "sentKBytesPerSec" : 10.777529080576505
  }
}