{
  "Get Cart 2" : {
    "transaction" : "Get Cart 2",
    "sampleCount" : 1364920,
    "errorCount" : 18,
    "errorPct" : 0.0013187586,
    "meanResTime" : 54.7981156404778,
    "medianResTime" : 49.0,
    "minResTime" : 0.0,
    "maxResTime" : 50160.0,
    "pct1ResTime" : 54.0,
    "pct2ResTime" : 57.0,
    "pct3ResTime" : 62.0,
    "throughput" : 4548.990331579175,
    "receivedKBytesPerSec" : 408.8464509130176,
    "sentKBytesPerSec" : 555.2893483126923
  },
  "Get Cart 1" : {
    "transaction" : "Get Cart 1",
    "sampleCount" : 1355874,
    "errorCount" : 20,
    "errorPct" : 0.0014750633,
    "meanResTime" : 55.166454995080734,
    "medianResTime" : 48.0,
    "minResTime" : 0.0,
    "maxResTime" : 50159.0,
    "pct1ResTime" : 54.0,
    "pct2ResTime" : 57.0,
    "pct3ResTime" : 61.0,
    "throughput" : 4518.420272130153,
    "receivedKBytesPerSec" : 406.11636242531085,
    "sentKBytesPerSec" : 551.5568386926523
  },
  "Total" : {
    "transaction" : "Total",
    "sampleCount" : 5432617,
    "errorCount" : 83,
    "errorPct" : 0.0015278088,
    "meanResTime" : 55.07375855871907,
    "medianResTime" : 49.0,
    "minResTime" : 0.0,
    "maxResTime" : 50160.0,
    "pct1ResTime" : 55.0,
    "pct2ResTime" : 58.0,
    "pct3ResTime" : 61.0,
    "throughput" : 18100.75899937361,
    "receivedKBytesPerSec" : 1626.922786786314,
    "sentKBytesPerSec" : 2227.1785895976604
  },
  "Get Member 1" : {
    "transaction" : "Get Member 1",
    "sampleCount" : 1359543,
    "errorCount" : 22,
    "errorPct" : 0.0016181908,
    "meanResTime" : 55.018911501878016,
    "medianResTime" : 48.0,
    "minResTime" : 0.0,
    "maxResTime" : 50149.0,
    "pct1ResTime" : 54.0,
    "pct2ResTime" : 57.0,
    "pct3ResTime" : 61.0,
    "throughput" : 4529.816880572548,
    "receivedKBytesPerSec" : 407.15669740730743,
    "sentKBytesPerSec" : 561.794369722114
  },
  "Get Member 2" : {
    "transaction" : "Get Member 2",
    "sampleCount" : 1352280,
    "errorCount" : 23,
    "errorPct" : 0.0017008312,
    "meanResTime" : 55.31417679770235,
    "medianResTime" : 48.0,
    "minResTime" : 0.0,
    "maxResTime" : 50142.0,
    "pct1ResTime" : 54.0,
    "pct2ResTime" : 57.0,
    "pct3ResTime" : 61.0,
    "throughput" : 4505.932804862201,
    "receivedKBytesPerSec" : 405.019101265865,
    "sentKBytesPerSec" : 558.8317706563155
  }
}