{
  "Total" : {
    "transaction" : "Total",
    "sampleCount" : 184514,
    "errorCount" : 0,
    "errorPct" : 0.0,
    "meanResTime" : 245.42591348081913,
    "medianResTime" : 271.0,
    "minResTime" : 0.0,
    "maxResTime" : 644.0,
    "pct1ResTime" : 321.0,
    "pct2ResTime" : 360.0,
    "pct3ResTime" : 406.0,
    "throughput" : 203.23431965176323,
    "receivedKBytesPerSec" : 95294.07574485372,
    "sentKBytesPerSec" : 28.908791957267855
  },
  "HTTP Request POST" : {
    "transaction" : "HTTP Request POST",
    "sampleCount" : 20000,
    "errorCount" : 0,
    "errorPct" : 0.0,
    "meanResTime" : 15.696950000000045,
    "medianResTime" : 19.0,
    "minResTime" : 0.0,
    "maxResTime" : 100.0,
    "pct1ResTime" : 23.0,
    "pct2ResTime" : 27.0,
    "pct3ResTime" : 41.0,
    "throughput" : 2607.901942886948,
    "receivedKBytesPerSec" : 505.78882921502156,
    "sentKBytesPerSec" : 657.069044203938
  },
  "HTTP Request GET" : {
    "transaction" : "HTTP Request GET",
    "sampleCount" : 164514,
    "errorCount" : 0,
    "errorPct" : 0.0,
    "meanResTime" : 273.3541096806335,
    "medianResTime" : 271.0,
    "minResTime" : 48.0,
    "maxResTime" : 644.0,
    "pct1ResTime" : 321.0,
    "pct2ResTime" : 360.0,
    "pct3ResTime" : 406.0,
    "throughput" : 182.749067448107,
    "receivedKBytesPerSec" : 96101.68753047874,
    "sentKBytesPerSec" : 23.557496975732544
  }
}