{
  "Get Cart 2" : {
    "transaction" : "Get Cart 2",
    "sampleCount" : 1002449,
    "errorCount" : 0,
    "errorPct" : 0.0,
    "meanResTime" : 74.5752392391068,
    "medianResTime" : 3.0,
    "minResTime" : 0.0,
    "maxResTime" : 630.0,
    "pct1ResTime" : 21.900000000001455,
    "pct2ResTime" : 31.0,
    "pct3ResTime" : 55.0,
    "throughput" : 3325.3686288169047,
    "receivedKBytesPerSec" : 629.0698219106085,
    "sentKBytesPerSec" : 405.9287876973761
  },
  "Get Cart 1" : {
    "transaction" : "Get Cart 1",
    "sampleCount" : 969552,
    "errorCount" : 0,
    "errorPct" : 0.0,
    "meanResTime" : 77.07850223608382,
    "medianResTime" : 47.0,
    "minResTime" : 0.0,
    "maxResTime" : 835.0,
    "pct1ResTime" : 94.0,
    "pct2ResTime" : 115.0,
    "pct3ResTime" : 165.0,
    "throughput" : 3216.049198435681,
    "receivedKBytesPerSec" : 608.3931639141399,
    "sentKBytesPerSec" : 392.584130668418
  },
  "Get Employee 2" : {
    "transaction" : "Get Employee 2",
    "sampleCount" : 959847,
    "errorCount" : 0,
    "errorPct" : 0.0,
    "meanResTime" : 77.71263024211386,
    "medianResTime" : 72.0,
    "minResTime" : 0.0,
    "maxResTime" : 842.0,
    "pct1ResTime" : 108.0,
    "pct2ResTime" : 128.0,
    "pct3ResTime" : 180.0,
    "throughput" : 3190.4079719731167,
    "receivedKBytesPerSec" : 603.5386843576952,
    "sentKBytesPerSec" : 401.9166292817696
  },
  "Get Both" : {
    "transaction" : "Get Both",
    "sampleCount" : 901188,
    "errorCount" : 0,
    "errorPct" : 0.0,
    "meanResTime" : 82.7303759038061,
    "medianResTime" : 75.0,
    "minResTime" : 0.0,
    "maxResTime" : 1541.0,
    "pct1ResTime" : 119.0,
    "pct2ResTime" : 139.0,
    "pct3ResTime" : 192.0,
    "throughput" : 3002.7088713036237,
    "receivedKBytesPerSec" : 638.4089376822158,
    "sentKBytesPerSec" : 384.13560755935026
  },
  "Get Employee 1" : {
    "transaction" : "Get Employee 1",
    "sampleCount" : 957400,
    "errorCount" : 0,
    "errorPct" : 0.0,
    "meanResTime" : 77.84691978274404,
    "medianResTime" : 72.0,
    "minResTime" : 0.0,
    "maxResTime" : 992.0,
    "pct1ResTime" : 109.0,
    "pct2ResTime" : 129.0,
    "pct3ResTime" : 178.9900000000016,
    "throughput" : 3187.9328716036225,
    "receivedKBytesPerSec" : 603.0692164035446,
    "sentKBytesPerSec" : 401.60482464537824
  },
  "Total" : {
    "transaction" : "Total",
    "sampleCount" : 4790436,
    "errorCount" : 0,
    "errorPct" : 0.0,
    "meanResTime" : 77.89854368161274,
    "medianResTime" : 3.0,
    "minResTime" : 0.0,
    "maxResTime" : 1541.0,
    "pct1ResTime" : 21.900000000001455,
    "pct2ResTime" : 31.0,
    "pct3ResTime" : 55.0,
    "throughput" : 15762.627874608028,
    "receivedKBytesPerSec" : 3051.3657363658685,
    "sentKBytesPerSec" : 1966.166621354607
  }
}