{
  "Get Cart 2" : {
    "transaction" : "Get Cart 2",
    "sampleCount" : 1284468,
    "errorCount" : 0,
    "errorPct" : 0.0,
    "meanResTime" : 58.21033143682684,
    "medianResTime" : 55.0,
    "minResTime" : 0.0,
    "maxResTime" : 40341.0,
    "pct1ResTime" : 63.0,
    "pct2ResTime" : 65.0,
    "pct3ResTime" : 69.0,
    "throughput" : 4280.732391737597,
    "receivedKBytesPerSec" : 384.5970508201748,
    "sentKBytesPerSec" : 522.5503407882809
  },
  "Get Cart 1" : {
    "transaction" : "Get Cart 1",
    "sampleCount" : 1281792,
    "errorCount" : 0,
    "errorPct" : 0.0,
    "meanResTime" : 58.33170358373133,
    "medianResTime" : 55.0,
    "minResTime" : 1.0,
    "maxResTime" : 40495.0,
    "pct1ResTime" : 63.0,
    "pct2ResTime" : 65.0,
    "pct3ResTime" : 69.0,
    "throughput" : 4271.671754402336,
    "receivedKBytesPerSec" : 383.78300918458484,
    "sentKBytesPerSec" : 521.4443059573164
  },
  "Total" : {
    "transaction" : "Total",
    "sampleCount" : 5120730,
    "errorCount" : 0,
    "errorPct" : 0.0,
    "meanResTime" : 58.404987960699785,
    "medianResTime" : 55.0,
    "minResTime" : 0.0,
    "maxResTime" : 40561.0,
    "pct1ResTime" : 63.0,
    "pct2ResTime" : 66.0,
    "pct3ResTime" : 70.0,
    "throughput" : 17061.990837151185,
    "receivedKBytesPerSec" : 1532.913239275302,
    "sentKBytesPerSec" : 2099.386290868388
  },
  "Get Member 1" : {
    "transaction" : "Get Member 1",
    "sampleCount" : 1285679,
    "errorCount" : 0,
    "errorPct" : 0.0,
    "meanResTime" : 58.15436045856051,
    "medianResTime" : 55.0,
    "minResTime" : 1.0,
    "maxResTime" : 40561.0,
    "pct1ResTime" : 62.0,
    "pct2ResTime" : 65.0,
    "pct3ResTime" : 69.0,
    "throughput" : 4283.811745106206,
    "receivedKBytesPerSec" : 384.8737114743857,
    "sentKBytesPerSec" : 531.2930582309455
  },
  "Get Member 2" : {
    "transaction" : "Get Member 2",
    "sampleCount" : 1268791,
    "errorCount" : 0,
    "errorPct" : 0.0,
    "meanResTime" : 58.93004836887949,
    "medianResTime" : 55.0,
    "minResTime" : 1.0,
    "maxResTime" : 40437.0,
    "pct1ResTime" : 63.0,
    "pct2ResTime" : 65.0,
    "pct3ResTime" : 69.0,
    "throughput" : 4228.1617296663235,
    "receivedKBytesPerSec" : 379.87390539970875,
    "sentKBytesPerSec" : 524.3911520191631
  }
}