{
  "Get Drink 1" : {
    "transaction" : "Get Drink 1",
    "sampleCount" : 2052995,
    "errorCount" : 17,
    "errorPct" : 8.280585E-4,
    "meanResTime" : 36.44487200407329,
    "medianResTime" : 24.0,
    "minResTime" : 0.0,
    "maxResTime" : 50050.0,
    "pct1ResTime" : 62.0,
    "pct2ResTime" : 89.0,
    "pct3ResTime" : 163.0,
    "throughput" : 6319.805079867385,
    "receivedKBytesPerSec" : 567.9227745951221,
    "sentKBytesPerSec" : 783.7974599797292
  },
  "Get Cookie 2" : {
    "transaction" : "Get Cookie 2",
    "sampleCount" : 2058840,
    "errorCount" : 13,
    "errorPct" : 6.314235E-4,
    "meanResTime" : 36.33266111013729,
    "medianResTime" : 22.0,
    "minResTime" : 0.0,
    "maxResTime" : 50051.0,
    "pct1ResTime" : 56.0,
    "pct2ResTime" : 81.95000000000073,
    "pct3ResTime" : 141.0,
    "throughput" : 6345.044378698224,
    "receivedKBytesPerSec" : 570.1610196506718,
    "sentKBytesPerSec" : 793.1255393244576
  },
  "Total" : {
    "transaction" : "Total",
    "sampleCount" : 8208842,
    "errorCount" : 66,
    "errorPct" : 8.0401107E-4,
    "meanResTime" : 36.45089161175543,
    "medianResTime" : 24.0,
    "minResTime" : 0.0,
    "maxResTime" : 50052.0,
    "pct1ResTime" : 64.0,
    "pct2ResTime" : 84.0,
    "pct3ResTime" : 145.9900000000016,
    "throughput" : 25269.560506201306,
    "receivedKBytesPerSec" : 2270.811308011211,
    "sentKBytesPerSec" : 3146.3340657043536
  },
  "Get Drink 2" : {
    "transaction" : "Get Drink 2",
    "sampleCount" : 2050444,
    "errorCount" : 16,
    "errorPct" : 7.803188E-4,
    "meanResTime" : 36.47618320715051,
    "medianResTime" : 24.0,
    "minResTime" : 0.0,
    "maxResTime" : 50052.0,
    "pct1ResTime" : 62.0,
    "pct2ResTime" : 87.0,
    "pct3ResTime" : 161.0,
    "throughput" : 6312.729556572899,
    "receivedKBytesPerSec" : 567.2804362575467,
    "sentKBytesPerSec" : 782.9203102919853
  },
  "Get Cookie 1" : {
    "transaction" : "Get Cookie 1",
    "sampleCount" : 2046563,
    "errorCount" : 20,
    "errorPct" : 9.772482E-4,
    "meanResTime" : 36.55053032816333,
    "medianResTime" : 24.0,
    "minResTime" : 0.0,
    "maxResTime" : 50050.0,
    "pct1ResTime" : 63.0,
    "pct2ResTime" : 88.0,
    "pct3ResTime" : 160.9900000000016,
    "throughput" : 6327.58668666038,
    "receivedKBytesPerSec" : 568.6467745644411,
    "sentKBytesPerSec" : 790.9406063042034
  }
}