{
  "Get Big" : {
    "transaction" : "Get Big",
    "sampleCount" : 149,
    "errorCount" : 0,
    "errorPct" : 0.0,
    "meanResTime" : 10117.57046979866,
    "medianResTime" : 9919.0,
    "minResTime" : 5934.0,
    "maxResTime" : 20007.0,
    "pct1ResTime" : 11625.0,
    "pct2ResTime" : 11834.0,
    "pct3ResTime" : 19977.5,
    "throughput" : 0.4925522138403866,
    "receivedKBytesPerSec" : 8035.375121562673,
    "sentKBytesPerSec" : 0.06012600266606283
  },
  "Get Drink 1" : {
    "transaction" : "Get Drink 1",
    "sampleCount" : 723510,
    "errorCount" : 8,
    "errorPct" : 0.0011057208,
    "meanResTime" : 103.37187875771949,
    "medianResTime" : 29.0,
    "minResTime" : 0.0,
    "maxResTime" : 50053.0,
    "pct1ResTime" : 636.0,
    "pct2ResTime" : 759.0,
    "pct3ResTime" : 1228.0,
    "throughput" : 2402.155435735345,
    "receivedKBytesPerSec" : 218.23005419923172,
    "sentKBytesPerSec" : 297.92028034650656
  },
  "Get Cookie 2" : {
    "transaction" : "Get Cookie 2",
    "sampleCount" : 725035,
    "errorCount" : 4,
    "errorPct" : 5.516975E-4,
    "meanResTime" : 103.12933168743368,
    "medianResTime" : 29.0,
    "minResTime" : 0.0,
    "maxResTime" : 50049.0,
    "pct1ResTime" : 636.0,
    "pct2ResTime" : 766.0,
    "pct3ResTime" : 1228.0,
    "throughput" : 2377.491326674493,
    "receivedKBytesPerSec" : 213.6346183326884,
    "sentKBytesPerSec" : 297.18477626427244
  },
  "Total" : {
    "transaction" : "Total",
    "sampleCount" : 2905122,
    "errorCount" : 20,
    "errorPct" : 6.8843924E-4,
    "meanResTime" : 103.48640883240174,
    "medianResTime" : 29.0,
    "minResTime" : 0.0,
    "maxResTime" : 50053.0,
    "pct1ResTime" : 956.0,
    "pct2ResTime" : 1220.0,
    "pct3ResTime" : 1295.0,
    "throughput" : 9523.304070754686,
    "receivedKBytesPerSec" : 8828.633625368378,
    "sentKBytesPerSec" : 1185.7547723620246
  },
  "Get Cookie 1" : {
    "transaction" : "Get Cookie 1",
    "sampleCount" : 727817,
    "errorCount" : 6,
    "errorPct" : 8.2438305E-4,
    "meanResTime" : 102.74705729599421,
    "medianResTime" : 29.0,
    "minResTime" : 0.0,
    "maxResTime" : 50049.0,
    "pct1ResTime" : 637.0,
    "pct2ResTime" : 764.0,
    "pct3ResTime" : 1231.0,
    "throughput" : 2386.277422041239,
    "receivedKBytesPerSec" : 214.44017806498996,
    "sentKBytesPerSec" : 298.2822187468238
  },
  "Get Drink 2" : {
    "transaction" : "Get Drink 2",
    "sampleCount" : 728611,
    "errorCount" : 2,
    "errorPct" : 2.744949E-4,
    "meanResTime" : 102.64614039590568,
    "medianResTime" : 29.0,
    "minResTime" : 0.0,
    "maxResTime" : 50049.0,
    "pct1ResTime" : 638.0,
    "pct2ResTime" : 754.0,
    "pct3ResTime" : 1229.9900000000016,
    "throughput" : 2426.535628172166,
    "receivedKBytesPerSec" : 220.3951611820524,
    "sentKBytesPerSec" : 300.9464637371865
  }
}