{
  "Get Cart 2" : {
    "transaction" : "Get Cart 2",
    "sampleCount" : 1356570,
    "errorCount" : 0,
    "errorPct" : 0.0,
    "meanResTime" : 55.12715451469464,
    "medianResTime" : 49.0,
    "minResTime" : 0.0,
    "maxResTime" : 1213.0,
    "pct1ResTime" : 85.0,
    "pct2ResTime" : 104.0,
    "pct3ResTime" : 152.0,
    "throughput" : 4520.784873064645,
    "receivedKBytesPerSec" : 855.2070632473157,
    "sentKBytesPerSec" : 551.8536222002739
  },
  "Get Cart 1" : {
    "transaction" : "Get Cart 1",
    "sampleCount" : 1355923,
    "errorCount" : 0,
    "errorPct" : 0.0,
    "meanResTime" : 55.152583885664676,
    "medianResTime" : 49.0,
    "minResTime" : 0.0,
    "maxResTime" : 1527.0,
    "pct1ResTime" : 85.0,
    "pct2ResTime" : 105.0,
    "pct3ResTime" : 151.0,
    "throughput" : 4518.4179307403165,
    "receivedKBytesPerSec" : 854.758603491934,
    "sentKBytesPerSec" : 551.5646888110737
  },
  "Get Employee 2" : {
    "transaction" : "Get Employee 2",
    "sampleCount" : 1357139,
    "errorCount" : 0,
    "errorPct" : 0.0,
    "meanResTime" : 55.106859356335185,
    "medianResTime" : 49.0,
    "minResTime" : 0.0,
    "maxResTime" : 1327.0,
    "pct1ResTime" : 86.0,
    "pct2ResTime" : 106.0,
    "pct3ResTime" : 152.0,
    "throughput" : 4521.701611586631,
    "receivedKBytesPerSec" : 855.3801679961201,
    "sentKBytesPerSec" : 569.628425678394
  },
  "Get Employee 1" : {
    "transaction" : "Get Employee 1",
    "sampleCount" : 1356710,
    "errorCount" : 0,
    "errorPct" : 0.0,
    "meanResTime" : 55.11969101723838,
    "medianResTime" : 49.0,
    "minResTime" : 0.0,
    "maxResTime" : 1422.0,
    "pct1ResTime" : 85.0,
    "pct2ResTime" : 103.0,
    "pct3ResTime" : 151.0,
    "throughput" : 4519.775328811481,
    "receivedKBytesPerSec" : 855.0151786673556,
    "sentKBytesPerSec" : 569.3857591959776
  },
  "Total" : {
    "transaction" : "Total",
    "sampleCount" : 5426342,
    "errorCount" : 0,
    "errorPct" : 0.0,
    "meanResTime" : 55.12656684742586,
    "medianResTime" : 48.0,
    "minResTime" : 0.0,
    "maxResTime" : 1527.0,
    "pct1ResTime" : 91.0,
    "pct2ResTime" : 114.0,
    "pct3ResTime" : 171.9900000000016,
    "throughput" : 18076.659393374088,
    "receivedKBytesPerSec" : 3419.6004748894434,
    "sentKBytesPerSec" : 2241.9382591672634
  }
}