{
  "GET SpringBoot 2" : {
    "transaction" : "GET SpringBoot 2",
    "sampleCount" : 1899613,
    "errorCount" : 0,
    "errorPct" : 0.0,
    "meanResTime" : 74.49977074278038,
    "medianResTime" : 4.0,
    "minResTime" : 0.0,
    "maxResTime" : 2619.0,
    "pct1ResTime" : 12.0,
    "pct2ResTime" : 17.0,
    "pct3ResTime" : 27.0,
    "throughput" : 6251.071125356219,
    "receivedKBytesPerSec" : 561.6196714187228,
    "sentKBytesPerSec" : 760.0949303614266
  },
  "GET SpringBoot 1" : {
    "transaction" : "GET SpringBoot 1",
    "sampleCount" : 1858045,
    "errorCount" : 0,
    "errorPct" : 0.0,
    "meanResTime" : 76.17845477370078,
    "medianResTime" : 7.0,
    "minResTime" : 0.0,
    "maxResTime" : 3410.0,
    "pct1ResTime" : 42.0,
    "pct2ResTime" : 60.0,
    "pct3ResTime" : 109.0,
    "throughput" : 6114.504319210201,
    "receivedKBytesPerSec" : 549.3499974290415,
    "sentKBytesPerSec" : 743.448735088441
  },
  "Total" : {
    "transaction" : "Total",
    "sampleCount" : 6126547,
    "errorCount" : 0,
    "errorPct" : 0.0,
    "meanResTime" : 93.33742449049502,
    "medianResTime" : 4.0,
    "minResTime" : 0.0,
    "maxResTime" : 3410.0,
    "pct1ResTime" : 12.0,
    "pct2ResTime" : 17.0,
    "pct3ResTime" : 27.0,
    "throughput" : 19981.23705624317,
    "receivedKBytesPerSec" : 2562.6265933815616,
    "sentKBytesPerSec" : 2425.6516054080444
  },
  "GET Quarkus 1" : {
    "transaction" : "GET Quarkus 1",
    "sampleCount" : 1179126,
    "errorCount" : 0,
    "errorPct" : 0.0,
    "meanResTime" : 122.37167529169584,
    "medianResTime" : 112.0,
    "minResTime" : 0.0,
    "maxResTime" : 882.0,
    "pct1ResTime" : 191.90000000000146,
    "pct2ResTime" : 238.0,
    "pct3ResTime" : 338.9900000000016,
    "throughput" : 3927.422067821563,
    "receivedKBytesPerSec" : 742.9750531313181,
    "sentKBytesPerSec" : 475.5970390518571
  },
  "GET Quarkus 2" : {
    "transaction" : "GET Quarkus 2",
    "sampleCount" : 1189763,
    "errorCount" : 0,
    "errorPct" : 0.0,
    "meanResTime" : 121.43659199353205,
    "medianResTime" : 56.0,
    "minResTime" : 0.0,
    "maxResTime" : 942.0,
    "pct1ResTime" : 143.0,
    "pct2ResTime" : 191.0,
    "pct3ResTime" : 298.9900000000016,
    "throughput" : 3944.327490808549,
    "receivedKBytesPerSec" : 746.1734383339852,
    "sentKBytesPerSec" : 477.5756820963967
  }
}