{
  "Get Big" : {
    "transaction" : "Get Big",
    "sampleCount" : 420,
    "errorCount" : 0,
    "errorPct" : 0.0,
    "meanResTime" : 3572.5642857142852,
    "medianResTime" : 3551.5,
    "minResTime" : 2246.0,
    "maxResTime" : 5648.0,
    "pct1ResTime" : 3792.8,
    "pct2ResTime" : 3871.95,
    "pct3ResTime" : 5262.960000000008,
    "throughput" : 1.3941677316559062,
    "receivedKBytesPerSec" : 22721.922405852187,
    "sentKBytesPerSec" : 0.1701864906806526
  },
  "Get Cart 2" : {
    "transaction" : "Get Cart 2",
    "sampleCount" : 898351,
    "errorCount" : 0,
    "errorPct" : 0.0,
    "meanResTime" : 83.0542237944864,
    "medianResTime" : 73.0,
    "minResTime" : 1.0,
    "maxResTime" : 4041.0,
    "pct1ResTime" : 94.0,
    "pct2ResTime" : 135.0,
    "pct3ResTime" : 252.0,
    "throughput" : 2982.691873514217,
    "receivedKBytesPerSec" : 267.976223011043,
    "sentKBytesPerSec" : 364.098129091091
  },
  "Get Cart 1" : {
    "transaction" : "Get Cart 1",
    "sampleCount" : 896816,
    "errorCount" : 0,
    "errorPct" : 0.0,
    "meanResTime" : 83.1886184010958,
    "medianResTime" : 74.0,
    "minResTime" : 0.0,
    "maxResTime" : 8435.0,
    "pct1ResTime" : 93.0,
    "pct2ResTime" : 137.0,
    "pct3ResTime" : 251.0,
    "throughput" : 2986.5792821414534,
    "receivedKBytesPerSec" : 268.32548237989624,
    "sentKBytesPerSec" : 364.57266627703297
  },
  "Total" : {
    "transaction" : "Total",
    "sampleCount" : 3584374,
    "errorCount" : 0,
    "errorPct" : 0.0,
    "meanResTime" : 83.67655412075193,
    "medianResTime" : 70.0,
    "minResTime" : 0.0,
    "maxResTime" : 8435.0,
    "pct1ResTime" : 100.0,
    "pct2ResTime" : 192.95000000000073,
    "pct3ResTime" : 334.9900000000016,
    "throughput" : 11898.139449967635,
    "receivedKBytesPerSec" : 23790.770614803074,
    "sentKBytesPerSec" : 1464.006834430134
  },
  "Get Member 1" : {
    "transaction" : "Get Member 1",
    "sampleCount" : 894775,
    "errorCount" : 0,
    "errorPct" : 0.0,
    "meanResTime" : 83.38246374786743,
    "medianResTime" : 74.0,
    "minResTime" : 0.0,
    "maxResTime" : 5565.0,
    "pct1ResTime" : 93.0,
    "pct2ResTime" : 138.0,
    "pct3ResTime" : 251.0,
    "throughput" : 2970.2666277170665,
    "receivedKBytesPerSec" : 266.8598923339552,
    "sentKBytesPerSec" : 368.3826774610033
  },
  "Get Member 2" : {
    "transaction" : "Get Member 2",
    "sampleCount" : 894012,
    "errorCount" : 0,
    "errorPct" : 0.0,
    "meanResTime" : 83.446659552668,
    "medianResTime" : 74.0,
    "minResTime" : 0.0,
    "maxResTime" : 8427.0,
    "pct1ResTime" : 93.0,
    "pct2ResTime" : 131.0,
    "pct3ResTime" : 251.0,
    "throughput" : 2974.744953981912,
    "receivedKBytesPerSec" : 267.2622419593124,
    "sentKBytesPerSec" : 368.9380948786161
  }
}