{
  "GET ReactiveSpringBoot 2" : {
    "transaction" : "GET ReactiveSpringBoot 2",
    "sampleCount" : 1184348,
    "errorCount" : 0,
    "errorPct" : 0.0,
    "meanResTime" : 118.78580028843017,
    "medianResTime" : 9.0,
    "minResTime" : 0.0,
    "maxResTime" : 25157.0,
    "pct1ResTime" : 14.0,
    "pct2ResTime" : 15.0,
    "pct3ResTime" : 16.0,
    "throughput" : 3904.0106537626043,
    "receivedKBytesPerSec" : 350.750957173984,
    "sentKBytesPerSec" : 468.83734006582785
  },
  "GET ReactiveSpringBoot 1" : {
    "transaction" : "GET ReactiveSpringBoot 1",
    "sampleCount" : 1161809,
    "errorCount" : 0,
    "errorPct" : 0.0,
    "meanResTime" : 120.92539221162454,
    "medianResTime" : 24.0,
    "minResTime" : 0.0,
    "maxResTime" : 25161.0,
    "pct1ResTime" : 34.0,
    "pct2ResTime" : 36.0,
    "pct3ResTime" : 40.0,
    "throughput" : 3822.4568422368666,
    "receivedKBytesPerSec" : 343.4238569197185,
    "sentKBytesPerSec" : 459.10737426507603
  },
  "Total" : {
    "transaction" : "Total",
    "sampleCount" : 15184272,
    "errorCount" : 0,
    "errorPct" : 0.0,
    "meanResTime" : 35.51557190229146,
    "medianResTime" : 9.0,
    "minResTime" : 0.0,
    "maxResTime" : 25161.0,
    "pct1ResTime" : 14.0,
    "pct2ResTime" : 15.0,
    "pct3ResTime" : 16.0,
    "throughput" : 49338.51057815095,
    "receivedKBytesPerSec" : 4432.756809755749,
    "sentKBytesPerSec" : 5946.487350155723
  },
  "GET ReactiveQuarkus 2" : {
    "transaction" : "GET ReactiveQuarkus 2",
    "sampleCount" : 6452698,
    "errorCount" : 0,
    "errorPct" : 0.0,
    "meanResTime" : 20.012159254935032,
    "medianResTime" : 1.0,
    "minResTime" : 0.0,
    "maxResTime" : 1113.0,
    "pct1ResTime" : 3.0,
    "pct2ResTime" : 4.0,
    "pct3ResTime" : 8.0,
    "throughput" : 21281.21341244216,
    "receivedKBytesPerSec" : 1911.9840175241004,
    "sentKBytesPerSec" : 2566.4994709748325
  },
  "GET ReactiveQuarkus 1" : {
    "transaction" : "GET ReactiveQuarkus 1",
    "sampleCount" : 6385417,
    "errorCount" : 0,
    "errorPct" : 0.0,
    "meanResTime" : 20.197545438301145,
    "medianResTime" : 6.0,
    "minResTime" : 0.0,
    "maxResTime" : 1064.0,
    "pct1ResTime" : 18.0,
    "pct2ResTime" : 26.0,
    "pct3ResTime" : 43.0,
    "throughput" : 21161.70329816003,
    "receivedKBytesPerSec" : 1901.246780694065,
    "sentKBytesPerSec" : 2552.1965186652424
  }
}