{
  "Total" : {
    "transaction" : "Total",
    "sampleCount" : 70896,
    "errorCount" : 0,
    "errorPct" : 0.0,
    "meanResTime" : 224.88182690137697,
    "medianResTime" : 714.0,
    "minResTime" : 1.0,
    "maxResTime" : 1560.0,
    "pct1ResTime" : 775.0,
    "pct2ResTime" : 911.0,
    "pct3ResTime" : 1013.0,
    "throughput" : 220.5581774457984,
    "receivedKBytesPerSec" : 87594.51985349474,
    "sentKBytesPerSec" : 47.57133157457558
  },
  "HTTP Request POST" : {
    "transaction" : "HTTP Request POST",
    "sampleCount" : 50000,
    "errorCount" : 0,
    "errorPct" : 0.0,
    "meanResTime" : 19.02742000000003,
    "medianResTime" : 20.0,
    "minResTime" : 1.0,
    "maxResTime" : 91.0,
    "pct1ResTime" : 23.0,
    "pct2ResTime" : 24.0,
    "pct3ResTime" : 31.0,
    "throughput" : 2394.177360658877,
    "receivedKBytesPerSec" : 465.8960657680521,
    "sentKBytesPerSec" : 603.2204678222563
  },
  "HTTP Request GET" : {
    "transaction" : "HTTP Request GET",
    "sampleCount" : 20896,
    "errorCount" : 0,
    "errorPct" : 0.0,
    "meanResTime" : 717.450756125574,
    "medianResTime" : 714.0,
    "minResTime" : 133.0,
    "maxResTime" : 1560.0,
    "pct1ResTime" : 775.0,
    "pct2ResTime" : 911.0,
    "pct3ResTime" : 1013.0,
    "throughput" : 69.52494393686325,
    "receivedKBytesPerSec" : 93648.94526025275,
    "sentKBytesPerSec" : 8.96219980436128
  }
}