{
  "Get Drink 1" : {
    "transaction" : "Get Drink 1",
    "sampleCount" : 1375562,
    "errorCount" : 21,
    "errorPct" : 0.0015266488,
    "meanResTime" : 108.27599264882423,
    "medianResTime" : 87.0,
    "minResTime" : 0.0,
    "maxResTime" : 50104.0,
    "pct1ResTime" : 151.90000000000146,
    "pct2ResTime" : 193.0,
    "pct3ResTime" : 293.0,
    "throughput" : 4507.039576937317,
    "receivedKBytesPerSec" : 405.09770597356516,
    "sentKBytesPerSec" : 558.9700076414305
  },
  "Get Cookie 2" : {
    "transaction" : "Get Cookie 2",
    "sampleCount" : 1393777,
    "errorCount" : 24,
    "errorPct" : 0.0017219398,
    "meanResTime" : 106.94841642529717,
    "medianResTime" : 6.0,
    "minResTime" : 0.0,
    "maxResTime" : 50073.0,
    "pct1ResTime" : 29.0,
    "pct2ResTime" : 43.0,
    "pct3ResTime" : 113.0,
    "throughput" : 4572.789191530128,
    "receivedKBytesPerSec" : 411.029420509649,
    "sentKBytesPerSec" : 571.5888063569971
  },
  "Get Both" : {
    "transaction" : "Get Both",
    "sampleCount" : 1338844,
    "errorCount" : 25,
    "errorPct" : 0.0018672826,
    "meanResTime" : 111.26634245662524,
    "medianResTime" : 87.0,
    "minResTime" : 0.0,
    "maxResTime" : 50056.0,
    "pct1ResTime" : 159.0,
    "pct2ResTime" : 202.0,
    "pct3ResTime" : 306.0,
    "throughput" : 4386.172282975475,
    "receivedKBytesPerSec" : 565.6020213060457,
    "sentKBytesPerSec" : 552.5445889808332
  },
  "Total" : {
    "transaction" : "Total",
    "sampleCount" : 6854717,
    "errorCount" : 126,
    "errorPct" : 0.0018381503,
    "meanResTime" : 108.67199433615566,
    "medianResTime" : 6.0,
    "minResTime" : 0.0,
    "maxResTime" : 50104.0,
    "pct1ResTime" : 29.0,
    "pct2ResTime" : 45.0,
    "pct3ResTime" : 139.0,
    "throughput" : 22456.443184982552,
    "receivedKBytesPerSec" : 2189.911613007584,
    "sentKBytesPerSec" : 2802.4921803336256
  },
  "Get Drink 2" : {
    "transaction" : "Get Drink 2",
    "sampleCount" : 1373505,
    "errorCount" : 26,
    "errorPct" : 0.0018929673,
    "meanResTime" : 108.46436598337739,
    "medianResTime" : 87.0,
    "minResTime" : 0.0,
    "maxResTime" : 50050.0,
    "pct1ResTime" : 155.0,
    "pct2ResTime" : 196.0,
    "pct3ResTime" : 294.0,
    "throughput" : 4501.066685018237,
    "receivedKBytesPerSec" : 404.601558941311,
    "sentKBytesPerSec" : 558.2271954345963
  },
  "Get Cookie 1" : {
    "transaction" : "Get Cookie 1",
    "sampleCount" : 1373029,
    "errorCount" : 30,
    "errorPct" : 0.0021849503,
    "meanResTime" : 108.496294688605,
    "medianResTime" : 87.0,
    "minResTime" : 0.0,
    "maxResTime" : 50051.0,
    "pct1ResTime" : 148.0,
    "pct2ResTime" : 194.0,
    "pct3ResTime" : 290.0,
    "throughput" : 4501.129356381602,
    "receivedKBytesPerSec" : 404.6391381609358,
    "sentKBytesPerSec" : 562.6288761182923
  }
}