{
  "Get Big" : {
    "transaction" : "Get Big",
    "sampleCount" : 140,
    "errorCount" : 0,
    "errorPct" : 0.0,
    "meanResTime" : 10772.392857142857,
    "medianResTime" : 10728.0,
    "minResTime" : 3552.0,
    "maxResTime" : 17769.0,
    "pct1ResTime" : 12760.300000000001,
    "pct2ResTime" : 13789.05,
    "pct3ResTime" : 17725.95,
    "throughput" : 0.46135645388247937,
    "receivedKBytesPerSec" : 7526.455201155533,
    "sentKBytesPerSec" : 0.05631792649932609
  },
  "Get Drink 1" : {
    "transaction" : "Get Drink 1",
    "sampleCount" : 655290,
    "errorCount" : 3,
    "errorPct" : 4.5781257E-4,
    "meanResTime" : 114.10337713073672,
    "medianResTime" : 59.0,
    "minResTime" : 0.0,
    "maxResTime" : 50049.0,
    "pct1ResTime" : 249.90000000000146,
    "pct2ResTime" : 637.0,
    "pct3ResTime" : 945.0,
    "throughput" : 2119.7809342964633,
    "receivedKBytesPerSec" : 192.54262288378553,
    "sentKBytesPerSec" : 262.9013146176298
  },
  "Get Cookie 2" : {
    "transaction" : "Get Cookie 2",
    "sampleCount" : 657020,
    "errorCount" : 1,
    "errorPct" : 1.5220237E-4,
    "meanResTime" : 113.84604426045009,
    "medianResTime" : 54.0,
    "minResTime" : 0.0,
    "maxResTime" : 47728.0,
    "pct1ResTime" : 163.0,
    "pct2ResTime" : 592.0,
    "pct3ResTime" : 945.0,
    "throughput" : 2126.691266912669,
    "receivedKBytesPerSec" : 191.07741642794718,
    "sentKBytesPerSec" : 265.83600375477437
  },
  "Total" : {
    "transaction" : "Total",
    "sampleCount" : 2623831,
    "errorCount" : 9,
    "errorPct" : 3.430099E-4,
    "meanResTime" : 114.57001613290902,
    "medianResTime" : 70.0,
    "minResTime" : 0.0,
    "maxResTime" : 50050.0,
    "pct1ResTime" : 504.0,
    "pct2ResTime" : 706.0,
    "pct3ResTime" : 805.0,
    "throughput" : 8487.764087069881,
    "receivedKBytesPerSec" : 8154.960466547759,
    "sentKBytesPerSec" : 1056.8199836295132
  },
  "Get Drink 2" : {
    "transaction" : "Get Drink 2",
    "sampleCount" : 656991,
    "errorCount" : 0,
    "errorPct" : 0.0,
    "meanResTime" : 113.8038831582151,
    "medianResTime" : 59.0,
    "minResTime" : 0.0,
    "maxResTime" : 7861.0,
    "pct1ResTime" : 252.0,
    "pct2ResTime" : 645.9500000000007,
    "pct3ResTime" : 945.0,
    "throughput" : 2187.090331064099,
    "receivedKBytesPerSec" : 198.63222733296993,
    "sentKBytesPerSec" : 271.2504609815826
  },
  "Get Cookie 1" : {
    "transaction" : "Get Cookie 1",
    "sampleCount" : 654390,
    "errorCount" : 5,
    "errorPct" : 7.6407037E-4,
    "meanResTime" : 114.25322514096923,
    "medianResTime" : 60.0,
    "minResTime" : 0.0,
    "maxResTime" : 50050.0,
    "pct1ResTime" : 248.0,
    "pct2ResTime" : 641.0,
    "pct3ResTime" : 945.0,
    "throughput" : 2178.7726237564425,
    "receivedKBytesPerSec" : 195.79020107508623,
    "sentKBytesPerSec" : 272.34449705008853
  }
}