{
  "Total" : {
    "transaction" : "Total",
    "sampleCount" : 77776,
    "errorCount" : 0,
    "errorPct" : 0.0,
    "meanResTime" : 582.2401640608906,
    "medianResTime" : 766.0,
    "minResTime" : 1.0,
    "maxResTime" : 1441.0,
    "pct1ResTime" : 856.0,
    "pct2ResTime" : 943.9500000000007,
    "pct3ResTime" : 1054.0,
    "throughput" : 85.64733244062302,
    "receivedKBytesPerSec" : 34146.247320157025,
    "sentKBytesPerSec" : 13.615455441935655
  },
  "HTTP Request POST" : {
    "transaction" : "HTTP Request POST",
    "sampleCount" : 20000,
    "errorCount" : 0,
    "errorPct" : 0.0,
    "meanResTime" : 14.722700000000126,
    "medianResTime" : 14.0,
    "minResTime" : 1.0,
    "maxResTime" : 120.0,
    "pct1ResTime" : 22.0,
    "pct2ResTime" : 29.0,
    "pct3ResTime" : 35.0,
    "throughput" : 2710.3943623797263,
    "receivedKBytesPerSec" : 271.1577513043773,
    "sentKBytesPerSec" : 681.5688948366987
  },
  "HTTP Request GET" : {
    "transaction" : "HTTP Request GET",
    "sampleCount" : 57776,
    "errorCount" : 0,
    "errorPct" : 0.0,
    "meanResTime" : 778.694561755747,
    "medianResTime" : 766.0,
    "minResTime" : 283.0,
    "maxResTime" : 1441.0,
    "pct1ResTime" : 856.0,
    "pct2ResTime" : 943.9500000000007,
    "pct3ResTime" : 1054.0,
    "throughput" : 64.14452502231558,
    "receivedKBytesPerSec" : 34423.802545306666,
    "sentKBytesPerSec" : 8.143347903223658
  }
}