{
  "Total" : {
    "transaction" : "Total",
    "sampleCount" : 62526,
    "errorCount" : 0,
    "errorPct" : 0.0,
    "meanResTime" : 244.54449349070757,
    "medianResTime" : 798.0,
    "minResTime" : 0.0,
    "maxResTime" : 8530.0,
    "pct1ResTime" : 1507.9000000000015,
    "pct2ResTime" : 2281.850000000002,
    "pct3ResTime" : 4109.990000000002,
    "throughput" : 202.39536464571262,
    "receivedKBytesPerSec" : 28287.6986632793,
    "sentKBytesPerSec" : 45.767788718318066
  },
  "HTTP Request POST" : {
    "transaction" : "HTTP Request POST",
    "sampleCount" : 50000,
    "errorCount" : 0,
    "errorPct" : 0.0,
    "meanResTime" : 5.603859999999926,
    "medianResTime" : 4.0,
    "minResTime" : 0.0,
    "maxResTime" : 932.0,
    "pct1ResTime" : 6.0,
    "pct2ResTime" : 7.0,
    "pct3ResTime" : 10.0,
    "throughput" : 6964.758322886196,
    "receivedKBytesPerSec" : 699.0470795897758,
    "sentKBytesPerSec" : 1747.9911025212425
  },
  "HTTP Request GET" : {
    "transaction" : "HTTP Request GET",
    "sampleCount" : 12526,
    "errorCount" : 0,
    "errorPct" : 0.0,
    "meanResTime" : 1198.3231678109562,
    "medianResTime" : 927.0,
    "minResTime" : 319.0,
    "maxResTime" : 8530.0,
    "pct1ResTime" : 2039.300000000001,
    "pct2ResTime" : 2832.6499999999996,
    "pct3ResTime" : 4506.73,
    "throughput" : 41.51118475559238,
    "receivedKBytesPerSec" : 28944.16003003314,
    "sentKBytesPerSec" : 5.269974627174814
  }
}