{
  "Total" : {
    "transaction" : "Total",
    "sampleCount" : 23736230,
    "errorCount" : 0,
    "errorPct" : 0.0,
    "meanResTime" : 2.415357451457072,
    "medianResTime" : 2.0,
    "minResTime" : 0.0,
    "maxResTime" : 146.0,
    "pct1ResTime" : 4.0,
    "pct2ResTime" : 5.0,
    "pct3ResTime" : 10.0,
    "throughput" : 79121.29414196094,
    "receivedKBytesPerSec" : 7108.553770566804,
    "sentKBytesPerSec" : 9774.262485968657
  },
  "Get Candy 1" : {
    "transaction" : "Get Candy 1",
    "sampleCount" : 5934373,
    "errorCount" : 0,
    "errorPct" : 0.0,
    "meanResTime" : 2.4155117988029358,
    "medianResTime" : 2.0,
    "minResTime" : 0.0,
    "maxResTime" : 145.0,
    "pct1ResTime" : 4.0,
    "pct2ResTime" : 5.0,
    "pct3ResTime" : 7.0,
    "throughput" : 19781.37520916806,
    "receivedKBytesPerSec" : 1777.2329289486931,
    "sentKBytesPerSec" : 2434.0364026906013
  },
  "Get Fruits 1" : {
    "transaction" : "Get Fruits 1",
    "sampleCount" : 5929403,
    "errorCount" : 0,
    "errorPct" : 0.0,
    "meanResTime" : 2.4172770850623593,
    "medianResTime" : 2.0,
    "minResTime" : 0.0,
    "maxResTime" : 146.0,
    "pct1ResTime" : 4.0,
    "pct2ResTime" : 5.0,
    "pct3ResTime" : 7.0,
    "throughput" : 19765.46728535808,
    "receivedKBytesPerSec" : 1775.8037014188901,
    "sentKBytesPerSec" : 2451.3811965239024
  },
  "Get Fruits 2" : {
    "transaction" : "Get Fruits 2",
    "sampleCount" : 5939035,
    "errorCount" : 0,
    "errorPct" : 0.0,
    "meanResTime" : 2.4129647324858507,
    "medianResTime" : 2.0,
    "minResTime" : 0.0,
    "maxResTime" : 106.0,
    "pct1ResTime" : 4.0,
    "pct2ResTime" : 5.0,
    "pct3ResTime" : 7.0,
    "throughput" : 19796.915312768753,
    "receivedKBytesPerSec" : 1778.6291101315676,
    "sentKBytesPerSec" : 2455.2814889859683
  },
  "Get Candy 2" : {
    "transaction" : "Get Candy 2",
    "sampleCount" : 5933419,
    "errorCount" : 0,
    "errorPct" : 0.0,
    "meanResTime" : 2.4156797286691054,
    "medianResTime" : 2.0,
    "minResTime" : 0.0,
    "maxResTime" : 122.0,
    "pct1ResTime" : 4.0,
    "pct2ResTime" : 5.0,
    "pct3ResTime" : 7.0,
    "throughput" : 19778.19518796792,
    "receivedKBytesPerSec" : 1776.947223918993,
    "sentKBytesPerSec" : 2433.6451110194903
  }
}