{
  "Get Big" : {
    "transaction" : "Get Big",
    "sampleCount" : 501,
    "errorCount" : 0,
    "errorPct" : 0.0,
    "meanResTime" : 2999.389221556884,
    "medianResTime" : 2976.0,
    "minResTime" : 1939.0,
    "maxResTime" : 4458.0,
    "pct1ResTime" : 3374.4,
    "pct2ResTime" : 3482.0,
    "pct3ResTime" : 4084.5600000000004,
    "throughput" : 1.6615868320072698,
    "receivedKBytesPerSec" : 27106.851727990193,
    "sentKBytesPerSec" : 0.20607571061027663
  },
  "Get Cart 2" : {
    "transaction" : "Get Cart 2",
    "sampleCount" : 443532,
    "errorCount" : 0,
    "errorPct" : 0.0,
    "meanResTime" : 33.705279438687135,
    "medianResTime" : 20.0,
    "minResTime" : 0.0,
    "maxResTime" : 540.0,
    "pct1ResTime" : 67.0,
    "pct2ResTime" : 139.0,
    "pct3ResTime" : 239.0,
    "throughput" : 1478.3857925209409,
    "receivedKBytesPerSec" : 279.6685150190326,
    "sentKBytesPerSec" : 180.4670156885914
  },
  "Get Cart 1" : {
    "transaction" : "Get Cart 1",
    "sampleCount" : 442822,
    "errorCount" : 0,
    "errorPct" : 0.0,
    "meanResTime" : 33.763713184981405,
    "medianResTime" : 20.0,
    "minResTime" : 0.0,
    "maxResTime" : 520.0,
    "pct1ResTime" : 68.0,
    "pct2ResTime" : 141.95000000000073,
    "pct3ResTime" : 237.0,
    "throughput" : 1475.6601484917558,
    "receivedKBytesPerSec" : 279.15298950668813,
    "sentKBytesPerSec" : 180.134295470185
  },
  "Get Employee 2" : {
    "transaction" : "Get Employee 2",
    "sampleCount" : 444705,
    "errorCount" : 0,
    "errorPct" : 0.0,
    "meanResTime" : 33.618981122316185,
    "medianResTime" : 20.0,
    "minResTime" : 0.0,
    "maxResTime" : 647.0,
    "pct1ResTime" : 69.0,
    "pct2ResTime" : 140.0,
    "pct3ResTime" : 236.9900000000016,
    "throughput" : 1481.944935051086,
    "receivedKBytesPerSec" : 281.78907791245393,
    "sentKBytesPerSec" : 186.69032873202158
  },
  "Get Employee 1" : {
    "transaction" : "Get Employee 1",
    "sampleCount" : 443274,
    "errorCount" : 0,
    "errorPct" : 0.0,
    "meanResTime" : 33.72676719139884,
    "medianResTime" : 21.0,
    "minResTime" : 0.0,
    "maxResTime" : 611.0,
    "pct1ResTime" : 71.0,
    "pct2ResTime" : 142.0,
    "pct3ResTime" : 240.0,
    "throughput" : 1477.2599270158132,
    "receivedKBytesPerSec" : 280.8980222253928,
    "sentKBytesPerSec" : 186.10012752445303
  },
  "Total" : {
    "transaction" : "Total",
    "sampleCount" : 1774834,
    "errorCount" : 0,
    "errorPct" : 0.0,
    "meanResTime" : 34.54075536078346,
    "medianResTime" : 19.0,
    "minResTime" : 0.0,
    "maxResTime" : 4458.0,
    "pct1ResTime" : 70.0,
    "pct2ResTime" : 153.0,
    "pct3ResTime" : 242.0,
    "throughput" : 5886.308988819942,
    "receivedKBytesPerSec" : 28222.93552927531,
    "sentKBytesPerSec" : 730.0508011103777
  }
}