{
  "Get Big" : {
    "transaction" : "Get Big",
    "sampleCount" : 79,
    "errorCount" : 0,
    "errorPct" : 0.0,
    "meanResTime" : 19122.303797468365,
    "medianResTime" : 17608.0,
    "minResTime" : 5803.0,
    "maxResTime" : 42986.0,
    "pct1ResTime" : 29429.0,
    "pct2ResTime" : 33692.0,
    "pct3ResTime" : 42986.0,
    "throughput" : 0.259757340610923,
    "receivedKBytesPerSec" : 4316.259703010432,
    "sentKBytesPerSec" : 0.031708659742544304
  },
  "Get Fruit 2" : {
    "transaction" : "Get Fruit 2",
    "sampleCount" : 2873702,
    "errorCount" : 0,
    "errorPct" : 0.0,
    "meanResTime" : 25.151097086616335,
    "medianResTime" : 11.0,
    "minResTime" : 0.0,
    "maxResTime" : 30351.0,
    "pct1ResTime" : 29.0,
    "pct2ResTime" : 49.0,
    "pct3ResTime" : 113.0,
    "throughput" : 9496.9529928088,
    "receivedKBytesPerSec" : 853.2418704476655,
    "sentKBytesPerSec" : 1177.8447559440601
  },
  "Get Fruit 1" : {
    "transaction" : "Get Fruit 1",
    "sampleCount" : 2894578,
    "errorCount" : 0,
    "errorPct" : 0.0,
    "meanResTime" : 24.95628689225167,
    "medianResTime" : 11.0,
    "minResTime" : 0.0,
    "maxResTime" : 30312.0,
    "pct1ResTime" : 32.0,
    "pct2ResTime" : 52.0,
    "pct3ResTime" : 115.0,
    "throughput" : 9561.551344262729,
    "receivedKBytesPerSec" : 859.0456285861045,
    "sentKBytesPerSec" : 1185.8564655482096
  },
  "Total" : {
    "transaction" : "Total",
    "sampleCount" : 11518816,
    "errorCount" : 0,
    "errorPct" : 0.0,
    "meanResTime" : 25.23826164077805,
    "medianResTime" : 7.0,
    "minResTime" : 0.0,
    "maxResTime" : 42986.0,
    "pct1ResTime" : 23.0,
    "pct2ResTime" : 66.0,
    "pct3ResTime" : 758.0,
    "throughput" : 37874.64571071581,
    "receivedKBytesPerSec" : 7719.036566008985,
    "sentKBytesPerSec" : 4678.878510140606
  },
  "Get Candy 1" : {
    "transaction" : "Get Candy 1",
    "sampleCount" : 2872651,
    "errorCount" : 0,
    "errorPct" : 0.0,
    "meanResTime" : 25.188439876615806,
    "medianResTime" : 9.0,
    "minResTime" : 0.0,
    "maxResTime" : 30349.0,
    "pct1ResTime" : 24.0,
    "pct2ResTime" : 45.0,
    "pct3ResTime" : 743.0,
    "throughput" : 9509.444392950305,
    "receivedKBytesPerSec" : 854.364144679129,
    "sentKBytesPerSec" : 1170.1074155388071
  },
  "Get Candy 2" : {
    "transaction" : "Get Candy 2",
    "sampleCount" : 2877806,
    "errorCount" : 0,
    "errorPct" : 0.0,
    "meanResTime" : 25.134410033198723,
    "medianResTime" : 9.0,
    "minResTime" : 0.0,
    "maxResTime" : 30313.0,
    "pct1ResTime" : 24.0,
    "pct2ResTime" : 46.0,
    "pct3ResTime" : 745.0,
    "throughput" : 9529.379820062055,
    "receivedKBytesPerSec" : 856.1552182087003,
    "sentKBytesPerSec" : 1172.5604075466981
  }
}