{
  "Get Drink 1" : {
    "transaction" : "Get Drink 1",
    "sampleCount" : 1465754,
    "errorCount" : 20,
    "errorPct" : 0.0013644855,
    "meanResTime" : 50.99569504841876,
    "medianResTime" : 38.0,
    "minResTime" : 0.0,
    "maxResTime" : 50154.0,
    "pct1ResTime" : 80.0,
    "pct2ResTime" : 113.0,
    "pct3ResTime" : 213.9900000000016,
    "throughput" : 4762.203977400101,
    "receivedKBytesPerSec" : 428.01468193307755,
    "sentKBytesPerSec" : 590.6168483624334
  },
  "Get Cookie 2" : {
    "transaction" : "Get Cookie 2",
    "sampleCount" : 1478123,
    "errorCount" : 14,
    "errorPct" : 9.4714714E-4,
    "meanResTime" : 50.547760910290926,
    "medianResTime" : 37.0,
    "minResTime" : 0.0,
    "maxResTime" : 50051.0,
    "pct1ResTime" : 74.0,
    "pct2ResTime" : 96.0,
    "pct3ResTime" : 196.0,
    "throughput" : 4909.892044510879,
    "receivedKBytesPerSec" : 441.23791988457066,
    "sentKBytesPerSec" : 613.730692575984
  },
  "Get Both" : {
    "transaction" : "Get Both",
    "sampleCount" : 1396517,
    "errorCount" : 17,
    "errorPct" : 0.0012173143,
    "meanResTime" : 53.52508992013577,
    "medianResTime" : 39.0,
    "minResTime" : 0.0,
    "maxResTime" : 50051.0,
    "pct1ResTime" : 85.0,
    "pct2ResTime" : 123.0,
    "pct3ResTime" : 234.0,
    "throughput" : 4651.3665825112075,
    "receivedKBytesPerSec" : 599.7277966771361,
    "sentKBytesPerSec" : 585.9560399791166
  },
  "Total" : {
    "transaction" : "Total",
    "sampleCount" : 7290914,
    "errorCount" : 78,
    "errorPct" : 0.0010698247,
    "meanResTime" : 51.25623934119128,
    "medianResTime" : 36.0,
    "minResTime" : 0.0,
    "maxResTime" : 50154.0,
    "pct1ResTime" : 103.0,
    "pct2ResTime" : 164.0,
    "pct3ResTime" : 307.9900000000016,
    "throughput" : 21790.135595955733,
    "receivedKBytesPerSec" : 2121.31728149834,
    "sentKBytesPerSec" : 2719.2303265430132
  },
  "Get Drink 2" : {
    "transaction" : "Get Drink 2",
    "sampleCount" : 1475165,
    "errorCount" : 12,
    "errorPct" : 8.134683E-4,
    "meanResTime" : 50.66525100582094,
    "medianResTime" : 38.0,
    "minResTime" : 0.0,
    "maxResTime" : 50050.0,
    "pct1ResTime" : 78.0,
    "pct2ResTime" : 109.0,
    "pct3ResTime" : 207.0,
    "throughput" : 4793.699021869821,
    "receivedKBytesPerSec" : 430.7801659531082,
    "sentKBytesPerSec" : 594.5261947110697
  },
  "Get Cookie 1" : {
    "transaction" : "Get Cookie 1",
    "sampleCount" : 1475355,
    "errorCount" : 15,
    "errorPct" : 0.0010167045,
    "meanResTime" : 50.66819714577233,
    "medianResTime" : 38.0,
    "minResTime" : 0.0,
    "maxResTime" : 50053.0,
    "pct1ResTime" : 79.0,
    "pct2ResTime" : 110.0,
    "pct3ResTime" : 200.9900000000016,
    "throughput" : 4412.448184901394,
    "receivedKBytesPerSec" : 396.54164358165696,
    "sentKBytesPerSec" : 551.55041541802
  }
}