{
  "Get 2" : {
    "transaction" : "Get 2",
    "sampleCount" : 1369360,
    "errorCount" : 0,
    "errorPct" : 0.0,
    "meanResTime" : 54.634568703629505,
    "medianResTime" : 9.0,
    "minResTime" : 0.0,
    "maxResTime" : 42272.0,
    "pct1ResTime" : 13.0,
    "pct2ResTime" : 13.0,
    "pct3ResTime" : 16.0,
    "throughput" : 4550.0187734460405,
    "receivedKBytesPerSec" : 408.7907491767927,
    "sentKBytesPerSec" : 542.0920804300947
  },
  "Get Random 2" : {
    "transaction" : "Get Random 2",
    "sampleCount" : 1337311,
    "errorCount" : 0,
    "errorPct" : 0.0,
    "meanResTime" : 55.796511058383885,
    "medianResTime" : 51.0,
    "minResTime" : 0.0,
    "maxResTime" : 42270.0,
    "pct1ResTime" : 57.0,
    "pct2ResTime" : 59.0,
    "pct3ResTime" : 63.0,
    "throughput" : 4437.80716454562,
    "receivedKBytesPerSec" : 423.9107039896132,
    "sentKBytesPerSec" : 598.0638561594683
  },
  "Get Random 1" : {
    "transaction" : "Get Random 1",
    "sampleCount" : 1340449,
    "errorCount" : 0,
    "errorPct" : 0.0,
    "meanResTime" : 55.663321021538636,
    "medianResTime" : 51.0,
    "minResTime" : 0.0,
    "maxResTime" : 42272.0,
    "pct1ResTime" : 57.0,
    "pct2ResTime" : 59.0,
    "pct3ResTime" : 63.0,
    "throughput" : 4448.220478189451,
    "receivedKBytesPerSec" : 424.9056508632132,
    "sentKBytesPerSec" : 599.4672128810001
  },
  "Total" : {
    "transaction" : "Total",
    "sampleCount" : 5386610,
    "errorCount" : 0,
    "errorPct" : 0.0,
    "meanResTime" : 55.451168174424176,
    "medianResTime" : 9.0,
    "minResTime" : 0.0,
    "maxResTime" : 42283.0,
    "pct1ResTime" : 13.0,
    "pct2ResTime" : 13.0,
    "pct3ResTime" : 16.0,
    "throughput" : 17865.917970693394,
    "receivedKBytesPerSec" : 1655.5770994574661,
    "sentKBytesPerSec" : 2267.3285153373777
  },
  "Get 1" : {
    "transaction" : "Get 1",
    "sampleCount" : 1339490,
    "errorCount" : 0,
    "errorPct" : 0.0,
    "meanResTime" : 55.728891593069086,
    "medianResTime" : 51.0,
    "minResTime" : 0.0,
    "maxResTime" : 42283.0,
    "pct1ResTime" : 56.0,
    "pct2ResTime" : 59.0,
    "pct3ResTime" : 63.0,
    "throughput" : 4445.038079277903,
    "receivedKBytesPerSec" : 399.3588899351242,
    "sentKBytesPerSec" : 529.584614913969
  }
}