{
  "Get Big" : {
    "transaction" : "Get Big",
    "sampleCount" : 168,
    "errorCount" : 0,
    "errorPct" : 0.0,
    "meanResTime" : 8975.172619047618,
    "medianResTime" : 9084.0,
    "minResTime" : 2794.0,
    "maxResTime" : 20360.0,
    "pct1ResTime" : 12258.9,
    "pct2ResTime" : 12947.899999999998,
    "pct3ResTime" : 20307.56,
    "throughput" : 0.5549591213147246,
    "receivedKBytesPerSec" : 9053.465991204888,
    "sentKBytesPerSec" : 0.06774403336361384
  },
  "Get Drink 1" : {
    "transaction" : "Get Drink 1",
    "sampleCount" : 755929,
    "errorCount" : 7,
    "errorPct" : 9.260129E-4,
    "meanResTime" : 197.13315668534287,
    "medianResTime" : 68.0,
    "minResTime" : 0.0,
    "maxResTime" : 50049.0,
    "pct1ResTime" : 240.90000000000146,
    "pct2ResTime" : 730.0,
    "pct3ResTime" : 954.0,
    "throughput" : 2509.6411141728363,
    "receivedKBytesPerSec" : 227.9837403202915,
    "sentKBytesPerSec" : 311.25143561593245
  },
  "Get Cookie 2" : {
    "transaction" : "Get Cookie 2",
    "sampleCount" : 765238,
    "errorCount" : 7,
    "errorPct" : 9.147481E-4,
    "meanResTime" : 194.73605466534553,
    "medianResTime" : 65.0,
    "minResTime" : 0.0,
    "maxResTime" : 50050.0,
    "pct1ResTime" : 231.0,
    "pct2ResTime" : 839.0,
    "pct3ResTime" : 957.0,
    "throughput" : 2549.0429904798707,
    "receivedKBytesPerSec" : 229.07314581487378,
    "sentKBytesPerSec" : 318.6274591447206
  },
  "Total" : {
    "transaction" : "Total",
    "sampleCount" : 3031292,
    "errorCount" : 44,
    "errorPct" : 0.0014515263,
    "meanResTime" : 197.2961242268946,
    "medianResTime" : 64.0,
    "minResTime" : 0.0,
    "maxResTime" : 50261.0,
    "pct1ResTime" : 265.90000000000146,
    "pct2ResTime" : 677.0,
    "pct3ResTime" : 860.0,
    "throughput" : 9018.427832751204,
    "receivedKBytesPerSec" : 8968.829046703095,
    "sentKBytesPerSec" : 1122.8991567096546
  },
  "Get Drink 2" : {
    "transaction" : "Get Drink 2",
    "sampleCount" : 753882,
    "errorCount" : 21,
    "errorPct" : 0.0027855819,
    "meanResTime" : 197.9951398229479,
    "medianResTime" : 68.0,
    "minResTime" : 0.0,
    "maxResTime" : 50261.0,
    "pct1ResTime" : 298.0,
    "pct2ResTime" : 814.9500000000007,
    "pct3ResTime" : 957.0,
    "throughput" : 2243.4293536483756,
    "receivedKBytesPerSec" : 203.9027191005907,
    "sentKBytesPerSec" : 278.23006968571445
  },
  "Get Cookie 1" : {
    "transaction" : "Get Cookie 1",
    "sampleCount" : 756075,
    "errorCount" : 9,
    "errorPct" : 0.0011903581,
    "meanResTime" : 197.40272195218716,
    "medianResTime" : 69.0,
    "minResTime" : 0.0,
    "maxResTime" : 50049.0,
    "pct1ResTime" : 431.1000000000131,
    "pct2ResTime" : 832.0,
    "pct3ResTime" : 961.0,
    "throughput" : 2253.3685412078166,
    "receivedKBytesPerSec" : 202.5168455001177,
    "sentKBytesPerSec" : 281.66771475660966
  }
}