{
  "Total" : {
    "transaction" : "Total",
    "sampleCount" : 107529,
    "errorCount" : 0,
    "errorPct" : 0.0,
    "meanResTime" : 146.64316602962958,
    "medianResTime" : 5.0,
    "minResTime" : 0.0,
    "maxResTime" : 4121.0,
    "pct1ResTime" : 2159.0,
    "pct2ResTime" : 2252.0,
    "pct3ResTime" : 2426.0,
    "throughput" : 338.86506093199,
    "receivedKBytesPerSec" : 62429.46325017194,
    "sentKBytesPerSec" : 81.9886601668736
  },
  "HTTP Request POST" : {
    "transaction" : "HTTP Request POST",
    "sampleCount" : 100000,
    "errorCount" : 0,
    "errorPct" : 0.0,
    "meanResTime" : 7.511920000000003,
    "medianResTime" : 5.0,
    "minResTime" : 0.0,
    "maxResTime" : 97.0,
    "pct1ResTime" : 8.0,
    "pct2ResTime" : 9.0,
    "pct3ResTime" : 12.0,
    "throughput" : 6367.398917542184,
    "receivedKBytesPerSec" : 1234.920643803725,
    "sentKBytesPerSec" : 1598.0678923909584
  },
  "HTTP Request GET" : {
    "transaction" : "HTTP Request GET",
    "sampleCount" : 7529,
    "errorCount" : 0,
    "errorPct" : 0.0,
    "meanResTime" : 1994.5810864656612,
    "medianResTime" : 2010.0,
    "minResTime" : 313.0,
    "maxResTime" : 4121.0,
    "pct1ResTime" : 2286.0,
    "pct2ResTime" : 2363.0,
    "pct3ResTime" : 2572.399999999998,
    "throughput" : 24.96228635843708,
    "receivedKBytesPerSec" : 65616.05118875677,
    "sentKBytesPerSec" : 3.0471540964889012
  }
}