{
  "Get Cart 2" : {
    "transaction" : "Get Cart 2",
    "sampleCount" : 1392155,
    "errorCount" : 0,
    "errorPct" : 0.0,
    "meanResTime" : 53.72571373159181,
    "medianResTime" : 49.0,
    "minResTime" : 0.0,
    "maxResTime" : 47440.0,
    "pct1ResTime" : 56.0,
    "pct2ResTime" : 58.0,
    "pct3ResTime" : 85.0,
    "throughput" : 4639.495977551605,
    "receivedKBytesPerSec" : 416.82971673315205,
    "sentKBytesPerSec" : 566.3447238222175
  },
  "Get Cart 1" : {
    "transaction" : "Get Cart 1",
    "sampleCount" : 1333143,
    "errorCount" : 0,
    "errorPct" : 0.0,
    "meanResTime" : 56.106197159645085,
    "medianResTime" : 49.0,
    "minResTime" : 1.0,
    "maxResTime" : 47536.0,
    "pct1ResTime" : 56.0,
    "pct2ResTime" : 59.0,
    "pct3ResTime" : 81.0,
    "throughput" : 4442.580885954886,
    "receivedKBytesPerSec" : 399.1381264725092,
    "sentKBytesPerSec" : 542.3072370550398
  },
  "Total" : {
    "transaction" : "Total",
    "sampleCount" : 5479051,
    "errorCount" : 0,
    "errorPct" : 0.0,
    "meanResTime" : 54.60560469321959,
    "medianResTime" : 50.0,
    "minResTime" : 0.0,
    "maxResTime" : 47549.0,
    "pct1ResTime" : 57.0,
    "pct2ResTime" : 63.0,
    "pct3ResTime" : 131.0,
    "throughput" : 18256.38334382924,
    "receivedKBytesPerSec" : 1640.2219410471582,
    "sentKBytesPerSec" : 2246.483510102935
  },
  "Get Member 1" : {
    "transaction" : "Get Member 1",
    "sampleCount" : 1373137,
    "errorCount" : 0,
    "errorPct" : 0.0,
    "meanResTime" : 54.47275617801007,
    "medianResTime" : 49.0,
    "minResTime" : 0.0,
    "maxResTime" : 47549.0,
    "pct1ResTime" : 56.0,
    "pct2ResTime" : 58.0,
    "pct3ResTime" : 85.0,
    "throughput" : 4575.3389511423875,
    "receivedKBytesPerSec" : 411.0656088916989,
    "sentKBytesPerSec" : 567.4492644483234
  },
  "Get Member 2" : {
    "transaction" : "Get Member 2",
    "sampleCount" : 1380616,
    "errorCount" : 0,
    "errorPct" : 0.0,
    "meanResTime" : 54.17598448808353,
    "medianResTime" : 49.0,
    "minResTime" : 0.0,
    "maxResTime" : 47528.0,
    "pct1ResTime" : 56.0,
    "pct2ResTime" : 58.0,
    "pct3ResTime" : 86.0,
    "throughput" : 4600.489167016548,
    "receivedKBytesPerSec" : 413.325198599143,
    "sentKBytesPerSec" : 570.5684806749039
  }
}