{
  "Get Big" : {
    "transaction" : "Get Big",
    "sampleCount" : 463,
    "errorCount" : 0,
    "errorPct" : 0.0,
    "meanResTime" : 3253.280777537796,
    "medianResTime" : 3230.0,
    "minResTime" : 2539.0,
    "maxResTime" : 4865.0,
    "pct1ResTime" : 3598.0,
    "pct2ResTime" : 3726.999999999999,
    "pct3ResTime" : 4162.760000000002,
    "throughput" : 1.5290620871862615,
    "receivedKBytesPerSec" : 24944.865042158603,
    "sentKBytesPerSec" : 0.18963953620376486
  },
  "Get Cart 2" : {
    "transaction" : "Get Cart 2",
    "sampleCount" : 530439,
    "errorCount" : 0,
    "errorPct" : 0.0,
    "meanResTime" : 281.5835826551216,
    "medianResTime" : 10.0,
    "minResTime" : 0.0,
    "maxResTime" : 1363.0,
    "pct1ResTime" : 38.0,
    "pct2ResTime" : 53.0,
    "pct3ResTime" : 89.0,
    "throughput" : 1758.2719552376343,
    "receivedKBytesPerSec" : 334.3510464091742,
    "sentKBytesPerSec" : 214.63280703584402
  },
  "Get Cart 1" : {
    "transaction" : "Get Cart 1",
    "sampleCount" : 499879,
    "errorCount" : 0,
    "errorPct" : 0.0,
    "meanResTime" : 298.70355626061,
    "medianResTime" : 249.0,
    "minResTime" : 0.0,
    "maxResTime" : 1247.0,
    "pct1ResTime" : 439.0,
    "pct2ResTime" : 485.0,
    "pct3ResTime" : 581.9900000000016,
    "throughput" : 1661.174601803143,
    "receivedKBytesPerSec" : 315.8902071134591,
    "sentKBytesPerSec" : 202.78010275917273
  },
  "Get Employee 2" : {
    "transaction" : "Get Employee 2",
    "sampleCount" : 498479,
    "errorCount" : 0,
    "errorPct" : 0.0,
    "meanResTime" : 299.7766224856063,
    "medianResTime" : 302.0,
    "minResTime" : 0.0,
    "maxResTime" : 1271.0,
    "pct1ResTime" : 459.0,
    "pct2ResTime" : 499.0,
    "pct3ResTime" : 591.0,
    "throughput" : 1651.1832045897208,
    "receivedKBytesPerSec" : 313.9952735839721,
    "sentKBytesPerSec" : 208.01038417194727
  },
  "Get Employee 1" : {
    "transaction" : "Get Employee 1",
    "sampleCount" : 500470,
    "errorCount" : 0,
    "errorPct" : 0.0,
    "meanResTime" : 298.2505744600114,
    "medianResTime" : 320.0,
    "minResTime" : 0.0,
    "maxResTime" : 1212.0,
    "pct1ResTime" : 463.0,
    "pct2ResTime" : 502.0,
    "pct3ResTime" : 591.0,
    "throughput" : 1663.9016427234433,
    "receivedKBytesPerSec" : 316.40921753493404,
    "sentKBytesPerSec" : 209.61260928840252
  },
  "Total" : {
    "transaction" : "Total",
    "sampleCount" : 2029730,
    "errorCount" : 0,
    "errorPct" : 0.0,
    "meanResTime" : 295.05531967308934,
    "medianResTime" : 10.0,
    "minResTime" : 0.0,
    "maxResTime" : 4865.0,
    "pct1ResTime" : 38.0,
    "pct2ResTime" : 53.0,
    "pct3ResTime" : 89.0,
    "throughput" : 6664.269837048419,
    "receivedKBytesPerSec" : 26066.97574071885,
    "sentKBytesPerSec" : 826.3244920485997
  }
}