{
  "Get 2" : {
    "transaction" : "Get 2",
    "sampleCount" : 1902262,
    "errorCount" : 6,
    "errorPct" : 3.1541396E-4,
    "meanResTime" : 39.271399523303884,
    "medianResTime" : 29.0,
    "minResTime" : 0.0,
    "maxResTime" : 50051.0,
    "pct1ResTime" : 62.0,
    "pct2ResTime" : 71.0,
    "pct3ResTime" : 123.0,
    "throughput" : 6336.881098241442,
    "receivedKBytesPerSec" : 569.3796176637884,
    "sentKBytesPerSec" : 773.5426160685435
  },
  "Get Random 2" : {
    "transaction" : "Get Random 2",
    "sampleCount" : 1848602,
    "errorCount" : 4,
    "errorPct" : 2.1637973E-4,
    "meanResTime" : 40.39770864685564,
    "medianResTime" : 31.0,
    "minResTime" : 1.0,
    "maxResTime" : 50049.0,
    "pct1ResTime" : 65.0,
    "pct2ResTime" : 76.0,
    "pct3ResTime" : 131.9900000000016,
    "throughput" : 6158.804088540625,
    "receivedKBytesPerSec" : 588.3365877608227,
    "sentKBytesPerSec" : 817.9643980963232
  },
  "Get Random 1" : {
    "transaction" : "Get Random 1",
    "sampleCount" : 1847989,
    "errorCount" : 5,
    "errorPct" : 2.7056437E-4,
    "meanResTime" : 40.4121945531047,
    "medianResTime" : 31.0,
    "minResTime" : 1.0,
    "maxResTime" : 50049.0,
    "pct1ResTime" : 66.0,
    "pct2ResTime" : 76.0,
    "pct3ResTime" : 132.0,
    "throughput" : 6156.864378262941,
    "receivedKBytesPerSec" : 588.1601052470256,
    "sentKBytesPerSec" : 817.706337809969
  },
  "Total" : {
    "transaction" : "Total",
    "sampleCount" : 7499266,
    "errorCount" : 17,
    "errorPct" : 2.2668885E-4,
    "meanResTime" : 39.836980579167026,
    "medianResTime" : 30.0,
    "minResTime" : 0.0,
    "maxResTime" : 50061.0,
    "pct1ResTime" : 70.0,
    "pct2ResTime" : 95.0,
    "pct3ResTime" : 161.0,
    "throughput" : 24973.41236804422,
    "receivedKBytesPerSec" : 2313.751300175455,
    "sentKBytesPerSec" : 3180.7421022959056
  },
  "Get 1" : {
    "transaction" : "Get 1",
    "sampleCount" : 1900413,
    "errorCount" : 2,
    "errorPct" : 1.0524028E-4,
    "meanResTime" : 39.29832462733122,
    "medianResTime" : 31.0,
    "minResTime" : 1.0,
    "maxResTime" : 50061.0,
    "pct1ResTime" : 64.0,
    "pct2ResTime" : 75.0,
    "pct3ResTime" : 132.0,
    "throughput" : 6330.4896735509665,
    "receivedKBytesPerSec" : 568.7717498230346,
    "sentKBytesPerSec" : 772.7640394684794
  }
}