{
  "Get 2" : {
    "transaction" : "Get 2",
    "sampleCount" : 1447762,
    "errorCount" : 0,
    "errorPct" : 0.0,
    "meanResTime" : 103.40067773570186,
    "medianResTime" : 8.0,
    "minResTime" : 0.0,
    "maxResTime" : 364.0,
    "pct1ResTime" : 35.0,
    "pct2ResTime" : 51.0,
    "pct3ResTime" : 84.0,
    "throughput" : 4799.014846906812,
    "receivedKBytesPerSec" : 907.854856046286,
    "sentKBytesPerSec" : 571.7576282447569
  },
  "Get Random 2" : {
    "transaction" : "Get Random 2",
    "sampleCount" : 1405398,
    "errorCount" : 0,
    "errorPct" : 0.0,
    "meanResTime" : 106.17188013644422,
    "medianResTime" : 101.0,
    "minResTime" : 0.0,
    "maxResTime" : 2380.0,
    "pct1ResTime" : 132.0,
    "pct2ResTime" : 147.0,
    "pct3ResTime" : 182.0,
    "throughput" : 4656.11799668035,
    "receivedKBytesPerSec" : 907.2507695793536,
    "sentKBytesPerSec" : 636.5786323586416
  },
  "Get Random 1" : {
    "transaction" : "Get Random 1",
    "sampleCount" : 1403744,
    "errorCount" : 0,
    "errorPct" : 0.0,
    "meanResTime" : 106.10555485900797,
    "medianResTime" : 103.0,
    "minResTime" : 0.0,
    "maxResTime" : 2378.0,
    "pct1ResTime" : 136.0,
    "pct2ResTime" : 152.0,
    "pct3ResTime" : 187.0,
    "throughput" : 4676.138350994193,
    "receivedKBytesPerSec" : 911.1567424175864,
    "sentKBytesPerSec" : 639.3157901749875
  },
  "Total" : {
    "transaction" : "Total",
    "sampleCount" : 5669953,
    "errorCount" : 0,
    "errorPct" : 0.0,
    "meanResTime" : 105.35593116909008,
    "medianResTime" : 8.0,
    "minResTime" : 0.0,
    "maxResTime" : 2380.0,
    "pct1ResTime" : 35.0,
    "pct2ResTime" : 51.0,
    "pct3ResTime" : 84.0,
    "throughput" : 18573.080929513428,
    "receivedKBytesPerSec" : 3565.7917550253374,
    "sentKBytesPerSec" : 2374.560870286673
  },
  "Get 1" : {
    "transaction" : "Get 1",
    "sampleCount" : 1413049,
    "errorCount" : 0,
    "errorPct" : 0.0,
    "meanResTime" : 105.80299904674234,
    "medianResTime" : 54.0,
    "minResTime" : 0.0,
    "maxResTime" : 2308.0,
    "pct1ResTime" : 85.0,
    "pct2ResTime" : 100.0,
    "pct3ResTime" : 132.9900000000016,
    "throughput" : 4681.202295134104,
    "receivedKBytesPerSec" : 885.5563224113898,
    "sentKBytesPerSec" : 557.7213671937116
  }
}