{
  "Total" : {
    "transaction" : "Total",
    "sampleCount" : 105945,
    "errorCount" : 0,
    "errorPct" : 0.0,
    "meanResTime" : 146.01785832271472,
    "medianResTime" : 3.0,
    "minResTime" : 0.0,
    "maxResTime" : 20106.0,
    "pct1ResTime" : 2212.0,
    "pct2ResTime" : 3278.9500000000007,
    "pct3ResTime" : 7862.950000000008,
    "throughput" : 339.6870691589984,
    "receivedKBytesPerSec" : 50086.0005136276,
    "sentKBytesPerSec" : 82.13293285994261
  },
  "HTTP Request POST" : {
    "transaction" : "HTTP Request POST",
    "sampleCount" : 100000,
    "errorCount" : 0,
    "errorPct" : 0.0,
    "meanResTime" : 4.359029999999913,
    "medianResTime" : 3.0,
    "minResTime" : 0.0,
    "maxResTime" : 1424.0,
    "pct1ResTime" : 3.0,
    "pct2ResTime" : 4.0,
    "pct3ResTime" : 6.0,
    "throughput" : 10521.885521885522,
    "receivedKBytesPerSec" : 1046.9373709424979,
    "sentKBytesPerSec" : 2620.1961016414143
  },
  "HTTP Request GET" : {
    "transaction" : "HTTP Request GET",
    "sampleCount" : 5945,
    "errorCount" : 0,
    "errorPct" : 0.0,
    "meanResTime" : 2528.840874684595,
    "medianResTime" : 1967.0,
    "minResTime" : 630.0,
    "maxResTime" : 20106.0,
    "pct1ResTime" : 4308.400000000001,
    "pct2ResTime" : 7265.199999999999,
    "pct3ResTime" : 11140.039999999985,
    "throughput" : 19.660301733545865,
    "receivedKBytesPerSec" : 51627.29956883544,
    "sentKBytesPerSec" : 2.3615401496349033
  }
}