{
  "Get Cart 2" : {
    "transaction" : "Get Cart 2",
    "sampleCount" : 1080256,
    "errorCount" : 0,
    "errorPct" : 0.0,
    "meanResTime" : 69.24674151312257,
    "medianResTime" : 61.0,
    "minResTime" : 5.0,
    "maxResTime" : 30631.0,
    "pct1ResTime" : 69.0,
    "pct2ResTime" : 71.0,
    "pct3ResTime" : 92.9900000000016,
    "throughput" : 3599.977338847547,
    "receivedKBytesPerSec" : 323.43546403708433,
    "sentKBytesPerSec" : 439.4503587460385
  },
  "Get Cart 1" : {
    "transaction" : "Get Cart 1",
    "sampleCount" : 1088160,
    "errorCount" : 0,
    "errorPct" : 0.0,
    "meanResTime" : 68.7485103293623,
    "medianResTime" : 60.0,
    "minResTime" : 5.0,
    "maxResTime" : 30337.0,
    "pct1ResTime" : 69.0,
    "pct2ResTime" : 71.0,
    "pct3ResTime" : 86.0,
    "throughput" : 3625.7013767642707,
    "receivedKBytesPerSec" : 325.7466080686649,
    "sentKBytesPerSec" : 442.59050009329474
  },
  "Get Both" : {
    "transaction" : "Get Both",
    "sampleCount" : 550324,
    "errorCount" : 0,
    "errorPct" : 0.0,
    "meanResTime" : 136.02819975141475,
    "medianResTime" : 122.0,
    "minResTime" : 7.0,
    "maxResTime" : 30403.0,
    "pct1ResTime" : 137.0,
    "pct2ResTime" : 142.0,
    "pct3ResTime" : 168.0,
    "throughput" : 1833.2339528236835,
    "receivedKBytesPerSec" : 241.6861168273411,
    "sentKBytesPerSec" : 230.94451163501483
  },
  "Total" : {
    "transaction" : "Total",
    "sampleCount" : 4884441,
    "errorCount" : 0,
    "errorPct" : 0.0,
    "meanResTime" : 76.58883053352204,
    "medianResTime" : 61.0,
    "minResTime" : 5.0,
    "maxResTime" : 30631.0,
    "pct1ResTime" : 115.0,
    "pct2ResTime" : 120.0,
    "pct3ResTime" : 133.0,
    "throughput" : 16271.002321839618,
    "receivedKBytesPerSec" : 1538.8293687311163,
    "sentKBytesPerSec" : 2007.4579592077014
  },
  "Get Member 1" : {
    "transaction" : "Get Member 1",
    "sampleCount" : 1084199,
    "errorCount" : 0,
    "errorPct" : 0.0,
    "meanResTime" : 69.00279284522006,
    "medianResTime" : 61.0,
    "minResTime" : 5.0,
    "maxResTime" : 30327.0,
    "pct1ResTime" : 69.0,
    "pct2ResTime" : 71.0,
    "pct3ResTime" : 90.0,
    "throughput" : 3611.949895059466,
    "receivedKBytesPerSec" : 324.5111233842489,
    "sentKBytesPerSec" : 447.96644206303927
  },
  "Get Member 2" : {
    "transaction" : "Get Member 2",
    "sampleCount" : 1081502,
    "errorCount" : 0,
    "errorPct" : 0.0,
    "meanResTime" : 69.17018646290039,
    "medianResTime" : 61.0,
    "minResTime" : 5.0,
    "maxResTime" : 30337.0,
    "pct1ResTime" : 69.0,
    "pct2ResTime" : 71.0,
    "pct3ResTime" : 86.0,
    "throughput" : 3603.2530834993636,
    "receivedKBytesPerSec" : 323.72976922064595,
    "sentKBytesPerSec" : 446.8878335980656
  }
}