{
  "Get 2" : {
    "transaction" : "Get 2",
    "sampleCount" : 1466035,
    "errorCount" : 74,
    "errorPct" : 0.0050476287,
    "meanResTime" : 102.10661273434829,
    "medianResTime" : 10.0,
    "minResTime" : 0.0,
    "maxResTime" : 50051.0,
    "pct1ResTime" : 17.0,
    "pct2ResTime" : 17.0,
    "pct3ResTime" : 19.0,
    "throughput" : 4862.083946883166,
    "receivedKBytesPerSec" : 437.4473961338898,
    "sentKBytesPerSec" : 579.242480749874
  },
  "Get Random 2" : {
    "transaction" : "Get Random 2",
    "sampleCount" : 1415017,
    "errorCount" : 65,
    "errorPct" : 0.004593584,
    "meanResTime" : 105.51657895276587,
    "medianResTime" : 94.0,
    "minResTime" : 0.0,
    "maxResTime" : 50066.0,
    "pct1ResTime" : 101.0,
    "pct2ResTime" : 104.0,
    "pct3ResTime" : 119.0,
    "throughput" : 4670.94804251667,
    "receivedKBytesPerSec" : 446.7204984898,
    "sentKBytesPerSec" : 629.4543164488017
  },
  "Get Random 1" : {
    "transaction" : "Get Random 1",
    "sampleCount" : 1409889,
    "errorCount" : 53,
    "errorPct" : 0.003759161,
    "meanResTime" : 105.65843339440003,
    "medianResTime" : 95.0,
    "minResTime" : 0.0,
    "maxResTime" : 50053.0,
    "pct1ResTime" : 102.0,
    "pct2ResTime" : 106.0,
    "pct3ResTime" : 118.0,
    "throughput" : 4654.0052353428555,
    "receivedKBytesPerSec" : 445.00186685484965,
    "sentKBytesPerSec" : 627.1763468381632
  },
  "Total" : {
    "transaction" : "Total",
    "sampleCount" : 5714417,
    "errorCount" : 260,
    "errorPct" : 0.0045498954,
    "meanResTime" : 104.56117938189959,
    "medianResTime" : 10.0,
    "minResTime" : 0.0,
    "maxResTime" : 50066.0,
    "pct1ResTime" : 17.0,
    "pct2ResTime" : 17.0,
    "pct3ResTime" : 19.0,
    "throughput" : 18699.742790947286,
    "receivedKBytesPerSec" : 1734.6943893821092,
    "sentKBytesPerSec" : 2372.231726468726
  },
  "Get 1" : {
    "transaction" : "Get 1",
    "sampleCount" : 1423476,
    "errorCount" : 68,
    "errorPct" : 0.004777039,
    "meanResTime" : 105.0526296193294,
    "medianResTime" : 53.0,
    "minResTime" : 1.0,
    "maxResTime" : 50053.0,
    "pct1ResTime" : 62.0,
    "pct2ResTime" : 65.0,
    "pct3ResTime" : 68.0,
    "throughput" : 4691.468535156122,
    "receivedKBytesPerSec" : 422.0648808945086,
    "sentKBytesPerSec" : 558.9177924513377
  }
}