{
  "Total" : {
    "transaction" : "Total",
    "sampleCount" : 146321,
    "errorCount" : 0,
    "errorPct" : 0.0,
    "meanResTime" : 309.00921262156413,
    "medianResTime" : 367.0,
    "minResTime" : 1.0,
    "maxResTime" : 1164.0,
    "pct1ResTime" : 412.0,
    "pct2ResTime" : 432.0,
    "pct3ResTime" : 645.9900000000016,
    "throughput" : 161.53465707239204,
    "receivedKBytesPerSec" : 86947.75420811804,
    "sentKBytesPerSec" : 23.591813861545585
  },
  "HTTP Request POST" : {
    "transaction" : "HTTP Request POST",
    "sampleCount" : 25000,
    "errorCount" : 0,
    "errorPct" : 0.0,
    "meanResTime" : 9.534400000000092,
    "medianResTime" : 7.0,
    "minResTime" : 1.0,
    "maxResTime" : 105.0,
    "pct1ResTime" : 17.0,
    "pct2ResTime" : 21.0,
    "pct3ResTime" : 30.0,
    "throughput" : 4562.043795620438,
    "receivedKBytesPerSec" : 883.2979299726277,
    "sentKBytesPerSec" : 1153.876311587591
  },
  "HTTP Request GET" : {
    "transaction" : "HTTP Request GET",
    "sampleCount" : 121321,
    "errorCount" : 0,
    "errorPct" : 0.0,
    "meanResTime" : 370.7204605962722,
    "medianResTime" : 367.0,
    "minResTime" : 60.0,
    "maxResTime" : 1164.0,
    "pct1ResTime" : 412.0,
    "pct2ResTime" : 432.0,
    "pct3ResTime" : 645.9900000000016,
    "throughput" : 134.7506544771569,
    "receivedKBytesPerSec" : 87471.69154286986,
    "sentKBytesPerSec" : 16.712239373631764
  }
}