{
  "Get Cart 2" : {
    "transaction" : "Get Cart 2",
    "sampleCount" : 1426066,
    "errorCount" : 0,
    "errorPct" : 0.0,
    "meanResTime" : 105.00514913054607,
    "medianResTime" : 37.0,
    "minResTime" : 0.0,
    "maxResTime" : 477.0,
    "pct1ResTime" : 105.0,
    "pct2ResTime" : 122.0,
    "pct3ResTime" : 167.9900000000016,
    "throughput" : 4745.075465168898,
    "receivedKBytesPerSec" : 897.6496465637643,
    "sentKBytesPerSec" : 579.2328448692502
  },
  "Get Cart 1" : {
    "transaction" : "Get Cart 1",
    "sampleCount" : 1418525,
    "errorCount" : 0,
    "errorPct" : 0.0,
    "meanResTime" : 105.59940924551816,
    "medianResTime" : 99.0,
    "minResTime" : 0.0,
    "maxResTime" : 448.0,
    "pct1ResTime" : 133.0,
    "pct2ResTime" : 152.0,
    "pct3ResTime" : 192.0,
    "throughput" : 4715.261088230503,
    "receivedKBytesPerSec" : 892.0030108185663,
    "sentKBytesPerSec" : 575.5933945593877
  },
  "Get Employee 2" : {
    "transaction" : "Get Employee 2",
    "sampleCount" : 1417452,
    "errorCount" : 0,
    "errorPct" : 0.0,
    "meanResTime" : 105.56079147653114,
    "medianResTime" : 103.0,
    "minResTime" : 0.0,
    "maxResTime" : 450.0,
    "pct1ResTime" : 139.0,
    "pct2ResTime" : 155.0,
    "pct3ResTime" : 193.0,
    "throughput" : 4717.276633131545,
    "receivedKBytesPerSec" : 892.3833006496251,
    "sentKBytesPerSec" : 594.2662946034858
  },
  "Get Employee 1" : {
    "transaction" : "Get Employee 1",
    "sampleCount" : 1419620,
    "errorCount" : 0,
    "errorPct" : 0.0,
    "meanResTime" : 105.39234583902956,
    "medianResTime" : 103.0,
    "minResTime" : 0.0,
    "maxResTime" : 485.0,
    "pct1ResTime" : 139.0,
    "pct2ResTime" : 155.0,
    "pct3ResTime" : 194.0,
    "throughput" : 4725.702720336613,
    "receivedKBytesPerSec" : 893.9793109862053,
    "sentKBytesPerSec" : 595.3277841049054
  },
  "Total" : {
    "transaction" : "Total",
    "sampleCount" : 5681663,
    "errorCount" : 0,
    "errorPct" : 0.0,
    "meanResTime" : 105.38888209316111,
    "medianResTime" : 36.0,
    "minResTime" : 0.0,
    "maxResTime" : 485.0,
    "pct1ResTime" : 69.0,
    "pct2ResTime" : 89.0,
    "pct3ResTime" : 128.0,
    "throughput" : 18821.992095752048,
    "receivedKBytesPerSec" : 3560.630920136991,
    "sentKBytesPerSec" : 2334.319510604769
  }
}