{
  "Get Big" : {
    "transaction" : "Get Big",
    "sampleCount" : 118,
    "errorCount" : 0,
    "errorPct" : 0.0,
    "meanResTime" : 12782.89830508475,
    "medianResTime" : 11210.5,
    "minResTime" : 3714.0,
    "maxResTime" : 26358.0,
    "pct1ResTime" : 19073.300000000003,
    "pct2ResTime" : 22840.85,
    "pct3ResTime" : 25983.700000000004,
    "throughput" : 0.3889511503724702,
    "receivedKBytesPerSec" : 6344.019995163862,
    "sentKBytesPerSec" : 0.047479388473201926
  },
  "Total" : {
    "transaction" : "Total",
    "sampleCount" : 11829393,
    "errorCount" : 0,
    "errorPct" : 0.0,
    "meanResTime" : 5.059307776823297,
    "medianResTime" : 3.0,
    "minResTime" : 0.0,
    "maxResTime" : 26358.0,
    "pct1ResTime" : 5.0,
    "pct2ResTime" : 7.0,
    "pct3ResTime" : 798.0,
    "throughput" : 38992.000131847846,
    "receivedKBytesPerSec" : 9866.169892775768,
    "sentKBytesPerSec" : 4816.840716984475
  },
  "Get Fruits 1" : {
    "transaction" : "Get Fruits 1",
    "sampleCount" : 2952859,
    "errorCount" : 0,
    "errorPct" : 0.0,
    "meanResTime" : 4.939361818495758,
    "medianResTime" : 3.0,
    "minResTime" : 0.0,
    "maxResTime" : 15427.0,
    "pct1ResTime" : 5.0,
    "pct2ResTime" : 6.0,
    "pct3ResTime" : 12.0,
    "throughput" : 9793.861380227594,
    "receivedKBytesPerSec" : 889.4815511339515,
    "sentKBytesPerSec" : 1214.668354774321
  },
  "Get Candy 1" : {
    "transaction" : "Get Candy 1",
    "sampleCount" : 2962566,
    "errorCount" : 0,
    "errorPct" : 0.0,
    "meanResTime" : 4.9226852667587515,
    "medianResTime" : 3.0,
    "minResTime" : 0.0,
    "maxResTime" : 15427.0,
    "pct1ResTime" : 5.0,
    "pct2ResTime" : 6.0,
    "pct3ResTime" : 11.0,
    "throughput" : 9826.382877100808,
    "receivedKBytesPerSec" : 882.8390866145259,
    "sentKBytesPerSec" : 1209.1057055807637
  },
  "Get Fruits 2" : {
    "transaction" : "Get Fruits 2",
    "sampleCount" : 2948873,
    "errorCount" : 0,
    "errorPct" : 0.0,
    "meanResTime" : 4.947403635219567,
    "medianResTime" : 3.0,
    "minResTime" : 0.0,
    "maxResTime" : 15426.0,
    "pct1ResTime" : 5.0,
    "pct2ResTime" : 6.0,
    "pct3ResTime" : 11.0,
    "throughput" : 9780.80306206384,
    "receivedKBytesPerSec" : 888.295590597595,
    "sentKBytesPerSec" : 1213.0488172676835
  },
  "Get Candy 2" : {
    "transaction" : "Get Candy 2",
    "sampleCount" : 2964977,
    "errorCount" : 0,
    "errorPct" : 0.0,
    "meanResTime" : 4.9180394991257534,
    "medianResTime" : 3.0,
    "minResTime" : 0.0,
    "maxResTime" : 15426.0,
    "pct1ResTime" : 5.0,
    "pct2ResTime" : 6.0,
    "pct3ResTime" : 11.9900000000016,
    "throughput" : 9834.575517853295,
    "receivedKBytesPerSec" : 883.5751441821318,
    "sentKBytesPerSec" : 1210.1137844233544
  }
}