{
  "Get 2" : {
    "transaction" : "Get 2",
    "sampleCount" : 8227046,
    "errorCount" : 0,
    "errorPct" : 0.0,
    "meanResTime" : 17.230272080647932,
    "medianResTime" : 0.0,
    "minResTime" : 0.0,
    "maxResTime" : 1071.0,
    "pct1ResTime" : 1.0,
    "pct2ResTime" : 1.0,
    "pct3ResTime" : 2.0,
    "throughput" : 27226.277662133944,
    "receivedKBytesPerSec" : 2446.1108837073466,
    "sentKBytesPerSec" : 3270.3438988696043
  },
  "Get Random 2" : {
    "transaction" : "Get Random 2",
    "sampleCount" : 238451,
    "errorCount" : 0,
    "errorPct" : 0.0,
    "meanResTime" : 616.5571962373813,
    "medianResTime" : 863.0,
    "minResTime" : 0.0,
    "maxResTime" : 4008.0,
    "pct1ResTime" : 1091.0,
    "pct2ResTime" : 1131.0,
    "pct3ResTime" : 1205.0,
    "throughput" : 789.8422309595657,
    "receivedKBytesPerSec" : 76.9897501776268,
    "sentKBytesPerSec" : 104.90092129931732
  },
  "Get Random 1" : {
    "transaction" : "Get Random 1",
    "sampleCount" : 239891,
    "errorCount" : 0,
    "errorPct" : 0.0,
    "meanResTime" : 611.9250576303572,
    "medianResTime" : 885.0,
    "minResTime" : 0.0,
    "maxResTime" : 4014.0,
    "pct1ResTime" : 1103.0,
    "pct2ResTime" : 1145.0,
    "pct3ResTime" : 1217.0,
    "throughput" : 797.4887635967128,
    "receivedKBytesPerSec" : 77.73475223917748,
    "sentKBytesPerSec" : 105.91647641518843
  },
  "Total" : {
    "transaction" : "Total",
    "sampleCount" : 16761736,
    "errorCount" : 0,
    "errorPct" : 0.0,
    "meanResTime" : 34.41758962197978,
    "medianResTime" : 0.0,
    "minResTime" : 0.0,
    "maxResTime" : 4014.0,
    "pct1ResTime" : 1.0,
    "pct2ResTime" : 1.0,
    "pct3ResTime" : 2.0,
    "throughput" : 54894.05823538466,
    "receivedKBytesPerSec" : 4943.842217701296,
    "sentKBytesPerSec" : 6613.607754814605
  },
  "Get 1" : {
    "transaction" : "Get 1",
    "sampleCount" : 8056348,
    "errorCount" : 0,
    "errorPct" : 0.0,
    "meanResTime" : 17.542727300259244,
    "medianResTime" : 9.0,
    "minResTime" : 0.0,
    "maxResTime" : 1061.0,
    "pct1ResTime" : 26.0,
    "pct2ResTime" : 34.95000000000073,
    "pct3ResTime" : 51.0,
    "throughput" : 26734.01205235074,
    "receivedKBytesPerSec" : 2401.883895328387,
    "sentKBytesPerSec" : 3211.214338319474
  }
}