{
  "Get Big" : {
    "transaction" : "Get Big",
    "sampleCount" : 995,
    "errorCount" : 0,
    "errorPct" : 0.0,
    "meanResTime" : 1508.424120603016,
    "medianResTime" : 1477.0,
    "minResTime" : 993.0,
    "maxResTime" : 3636.0,
    "pct1ResTime" : 1627.4,
    "pct2ResTime" : 1755.9999999999995,
    "pct3ResTime" : 2371.279999999999,
    "throughput" : 3.3070871375914437,
    "receivedKBytesPerSec" : 517237.5551047029,
    "sentKBytesPerSec" : 0.4230746240473428
  },
  "Get Cart 2" : {
    "transaction" : "Get Cart 2",
    "sampleCount" : 526470,
    "errorCount" : 0,
    "errorPct" : 0.0,
    "meanResTime" : 27.55734989648049,
    "medianResTime" : 21.0,
    "minResTime" : 0.0,
    "maxResTime" : 920.0,
    "pct1ResTime" : 57.0,
    "pct2ResTime" : 71.0,
    "pct3ResTime" : 98.0,
    "throughput" : 1754.5315483748413,
    "receivedKBytesPerSec" : 331.9069271494653,
    "sentKBytesPerSec" : 214.17621440122576
  },
  "Get Cart 1" : {
    "transaction" : "Get Cart 1",
    "sampleCount" : 525099,
    "errorCount" : 0,
    "errorPct" : 0.0,
    "meanResTime" : 27.61278158975726,
    "medianResTime" : 21.0,
    "minResTime" : 0.0,
    "maxResTime" : 770.0,
    "pct1ResTime" : 57.0,
    "pct2ResTime" : 71.0,
    "pct3ResTime" : 100.0,
    "throughput" : 1749.8692011103742,
    "receivedKBytesPerSec" : 331.02516727886655,
    "sentKBytesPerSec" : 213.60708021366872
  },
  "Get Employee 2" : {
    "transaction" : "Get Employee 2",
    "sampleCount" : 525942,
    "errorCount" : 0,
    "errorPct" : 0.0,
    "meanResTime" : 27.580250293759597,
    "medianResTime" : 21.0,
    "minResTime" : 0.0,
    "maxResTime" : 823.0,
    "pct1ResTime" : 57.0,
    "pct2ResTime" : 71.0,
    "pct3ResTime" : 99.0,
    "throughput" : 1752.6434176983187,
    "receivedKBytesPerSec" : 331.549817395488,
    "sentKBytesPerSec" : 220.7919930498859
  },
  "Get Employee 1" : {
    "transaction" : "Get Employee 1",
    "sampleCount" : 526110,
    "errorCount" : 0,
    "errorPct" : 0.0,
    "meanResTime" : 27.566267510597395,
    "medianResTime" : 20.0,
    "minResTime" : 0.0,
    "maxResTime" : 883.0,
    "pct1ResTime" : 57.0,
    "pct2ResTime" : 71.0,
    "pct3ResTime" : 101.0,
    "throughput" : 1753.1506794537713,
    "receivedKBytesPerSec" : 331.6456514198468,
    "sentKBytesPerSec" : 220.85589614212546
  },
  "Total" : {
    "transaction" : "Total",
    "sampleCount" : 2104616,
    "errorCount" : 0,
    "errorPct" : 0.0,
    "meanResTime" : 28.279241913964103,
    "medianResTime" : 21.0,
    "minResTime" : 0.0,
    "maxResTime" : 3636.0,
    "pct1ResTime" : 55.0,
    "pct2ResTime" : 68.0,
    "pct3ResTime" : 102.0,
    "throughput" : 6995.124123788094,
    "receivedKBytesPerSec" : 518560.20611402404,
    "sentKBytesPerSec" : 867.5753933294058
  }
}