{
  "Get Big" : {
    "transaction" : "Get Big",
    "sampleCount" : 74,
    "errorCount" : 2,
    "errorPct" : 2.7027028,
    "meanResTime" : 20400.567567567567,
    "medianResTime" : 18056.5,
    "minResTime" : 0.0,
    "maxResTime" : 47106.0,
    "pct1ResTime" : 38072.5,
    "pct2ResTime" : 40460.5,
    "pct3ResTime" : 47106.0,
    "throughput" : 0.24382930630562358,
    "receivedKBytesPerSec" : 3941.903320573139,
    "sentKBytesPerSec" : 0.029362099082015612
  },
  "Get Fruit 2" : {
    "transaction" : "Get Fruit 2",
    "sampleCount" : 2787298,
    "errorCount" : 304,
    "errorPct" : 0.01090662,
    "meanResTime" : 49.29975015229945,
    "medianResTime" : 11.0,
    "minResTime" : 0.0,
    "maxResTime" : 34593.0,
    "pct1ResTime" : 53.0,
    "pct2ResTime" : 87.0,
    "pct3ResTime" : 500.0,
    "throughput" : 9197.030340026067,
    "receivedKBytesPerSec" : 827.3055465617937,
    "sentKBytesPerSec" : 1140.585114527824
  },
  "Get Fruit 1" : {
    "transaction" : "Get Fruit 1",
    "sampleCount" : 2916499,
    "errorCount" : 66,
    "errorPct" : 0.0022629872,
    "meanResTime" : 46.97962317148146,
    "medianResTime" : 11.0,
    "minResTime" : 0.0,
    "maxResTime" : 34582.0,
    "pct1ResTime" : 53.0,
    "pct2ResTime" : 90.0,
    "pct3ResTime" : 500.0,
    "throughput" : 9621.535223441386,
    "receivedKBytesPerSec" : 864.6539472194776,
    "sentKBytesPerSec" : 1193.282370371913
  },
  "Total" : {
    "transaction" : "Total",
    "sampleCount" : 11049042,
    "errorCount" : 1346,
    "errorPct" : 0.012182051,
    "meanResTime" : 49.90018890325083,
    "medianResTime" : 6.0,
    "minResTime" : 0.0,
    "maxResTime" : 47106.0,
    "pct1ResTime" : 28.0,
    "pct2ResTime" : 89.0,
    "pct3ResTime" : 403.9900000000016,
    "throughput" : 36406.48981353648,
    "receivedKBytesPerSec" : 7217.23537582766,
    "sentKBytesPerSec" : 4497.784585380004
  },
  "Get Candy 1" : {
    "transaction" : "Get Candy 1",
    "sampleCount" : 2691206,
    "errorCount" : 454,
    "errorPct" : 0.016869761,
    "meanResTime" : 51.12571872981965,
    "medianResTime" : 12.0,
    "minResTime" : 0.0,
    "maxResTime" : 34582.0,
    "pct1ResTime" : 49.0,
    "pct2ResTime" : 82.0,
    "pct3ResTime" : 502.9900000000016,
    "throughput" : 8883.656445687086,
    "receivedKBytesPerSec" : 799.6498050917428,
    "sentKBytesPerSec" : 1093.0139620208192
  },
  "Get Candy 2" : {
    "transaction" : "Get Candy 2",
    "sampleCount" : 2653965,
    "errorCount" : 520,
    "errorPct" : 0.019593326,
    "meanResTime" : 51.93010495616745,
    "medianResTime" : 6.0,
    "minResTime" : 0.0,
    "maxResTime" : 34599.0,
    "pct1ResTime" : 27.0,
    "pct2ResTime" : 54.0,
    "pct3ResTime" : 179.9800000000032,
    "throughput" : 8763.414408643337,
    "receivedKBytesPerSec" : 789.0667177996407,
    "sentKBytesPerSec" : 1078.2051188454693
  }
}