{
  "GET Spring 2" : {
    "transaction" : "GET Spring 2",
    "sampleCount" : 371112,
    "errorCount" : 0,
    "errorPct" : 0.0,
    "meanResTime" : 343.61147308628694,
    "medianResTime" : 319.0,
    "minResTime" : 0.0,
    "maxResTime" : 2585.0,
    "pct1ResTime" : 624.9000000000015,
    "pct2ResTime" : 761.0,
    "pct3ResTime" : 1160.9900000000016,
    "throughput" : 1227.7581483981103,
    "receivedKBytesPerSec" : 232.27506819279583,
    "sentKBytesPerSec" : 148.67825799456114
  },
  "Total" : {
    "transaction" : "Total",
    "sampleCount" : 7671344,
    "errorCount" : 0,
    "errorPct" : 0.0,
    "meanResTime" : 128.59122508390092,
    "medianResTime" : 6.0,
    "minResTime" : 0.0,
    "maxResTime" : 8941.0,
    "pct1ResTime" : 10.0,
    "pct2ResTime" : 11.0,
    "pct3ResTime" : 18.0,
    "throughput" : 23704.42332947084,
    "receivedKBytesPerSec" : 2357.9932587388953,
    "sentKBytesPerSec" : 2863.200544973928
  },
  "GET Spring 1" : {
    "transaction" : "GET Spring 1",
    "sampleCount" : 372607,
    "errorCount" : 0,
    "errorPct" : 0.0,
    "meanResTime" : 341.6898662666093,
    "medianResTime" : 347.0,
    "minResTime" : 0.0,
    "maxResTime" : 2950.0,
    "pct1ResTime" : 654.0,
    "pct2ResTime" : 799.0,
    "pct3ResTime" : 1230.0,
    "throughput" : 1236.8902388421386,
    "receivedKBytesPerSec" : 234.00368289307707,
    "sentKBytesPerSec" : 149.78406669612772
  },
  "GET Quarkus 1" : {
    "transaction" : "GET Quarkus 1",
    "sampleCount" : 740501,
    "errorCount" : 0,
    "errorPct" : 0.0,
    "meanResTime" : 168.31429937299768,
    "medianResTime" : 82.0,
    "minResTime" : 0.0,
    "maxResTime" : 2203.0,
    "pct1ResTime" : 401.0,
    "pct2ResTime" : 504.0,
    "pct3ResTime" : 681.0,
    "throughput" : 2420.246371269541,
    "receivedKBytesPerSec" : 217.4440099187478,
    "sentKBytesPerSec" : 294.24073796885057
  },
  "GET Quarkus 2" : {
    "transaction" : "GET Quarkus 2",
    "sampleCount" : 734318,
    "errorCount" : 0,
    "errorPct" : 0.0,
    "meanResTime" : 170.3680857612204,
    "medianResTime" : 38.0,
    "minResTime" : 0.0,
    "maxResTime" : 2449.0,
    "pct1ResTime" : 132.0,
    "pct2ResTime" : 210.95000000000073,
    "pct3ResTime" : 597.9900000000016,
    "throughput" : 2403.66744244662,
    "receivedKBytesPerSec" : 215.9544967823135,
    "sentKBytesPerSec" : 292.24718782324163
  },
  "GET ReactiveSpring 1" : {
    "transaction" : "GET ReactiveSpring 1",
    "sampleCount" : 392469,
    "errorCount" : 0,
    "errorPct" : 0.0,
    "meanResTime" : 330.11948969217383,
    "medianResTime" : 37.0,
    "minResTime" : 0.0,
    "maxResTime" : 8940.0,
    "pct1ResTime" : 55.0,
    "pct2ResTime" : 58.0,
    "pct3ResTime" : 64.0,
    "throughput" : 1282.6454978038066,
    "receivedKBytesPerSec" : 115.23768144331076,
    "sentKBytesPerSec" : 154.11538445433422
  },
  "GET ReactiveQuarkus 2" : {
    "transaction" : "GET ReactiveQuarkus 2",
    "sampleCount" : 2355620,
    "errorCount" : 0,
    "errorPct" : 0.0,
    "meanResTime" : 47.302819639841125,
    "medianResTime" : 1.0,
    "minResTime" : 0.0,
    "maxResTime" : 1071.0,
    "pct1ResTime" : 3.0,
    "pct2ResTime" : 5.0,
    "pct3ResTime" : 7.0,
    "throughput" : 7702.434047896203,
    "receivedKBytesPerSec" : 692.0155589906745,
    "sentKBytesPerSec" : 928.7941676213836
  },
  "GET ReactiveSpring 2" : {
    "transaction" : "GET ReactiveSpring 2",
    "sampleCount" : 430934,
    "errorCount" : 0,
    "errorPct" : 0.0,
    "meanResTime" : 301.23249499924077,
    "medianResTime" : 6.0,
    "minResTime" : 0.0,
    "maxResTime" : 8941.0,
    "pct1ResTime" : 10.0,
    "pct2ResTime" : 11.0,
    "pct3ResTime" : 16.0,
    "throughput" : 1410.4935847080387,
    "receivedKBytesPerSec" : 126.72403300111286,
    "sentKBytesPerSec" : 169.57080218766367
  },
  "GET ReactiveQuarkus 1" : {
    "transaction" : "GET ReactiveQuarkus 1",
    "sampleCount" : 2273783,
    "errorCount" : 0,
    "errorPct" : 0.0,
    "meanResTime" : 48.857533458557434,
    "medianResTime" : 7.0,
    "minResTime" : 0.0,
    "maxResTime" : 1521.0,
    "pct1ResTime" : 22.0,
    "pct2ResTime" : 30.0,
    "pct3ResTime" : 86.0,
    "throughput" : 7456.762065923543,
    "receivedKBytesPerSec" : 669.9434668603184,
    "sentKBytesPerSec" : 899.2850974120206
  }
}