{
  "Get Cart 2" : {
    "transaction" : "Get Cart 2",
    "sampleCount" : 1044135,
    "errorCount" : 0,
    "errorPct" : 0.0,
    "meanResTime" : 143.4026069425846,
    "medianResTime" : 137.0,
    "minResTime" : 18.0,
    "maxResTime" : 35454.0,
    "pct1ResTime" : 155.0,
    "pct2ResTime" : 161.0,
    "pct3ResTime" : 192.0,
    "throughput" : 3478.919275518772,
    "receivedKBytesPerSec" : 312.55915365988966,
    "sentKBytesPerSec" : 424.67276312485006
  },
  "Get Cart 1" : {
    "transaction" : "Get Cart 1",
    "sampleCount" : 1052236,
    "errorCount" : 0,
    "errorPct" : 0.0,
    "meanResTime" : 142.30332358900793,
    "medianResTime" : 137.0,
    "minResTime" : 82.0,
    "maxResTime" : 35454.0,
    "pct1ResTime" : 156.0,
    "pct2ResTime" : 162.0,
    "pct3ResTime" : 194.0,
    "throughput" : 3504.9998334499187,
    "receivedKBytesPerSec" : 314.90232878651614,
    "sentKBytesPerSec" : 427.85642498167954
  },
  "Get Both" : {
    "transaction" : "Get Both",
    "sampleCount" : 529486,
    "errorCount" : 0,
    "errorPct" : 0.0,
    "meanResTime" : 282.9307800395217,
    "medianResTime" : 271.0,
    "minResTime" : 183.0,
    "maxResTime" : 35597.0,
    "pct1ResTime" : 298.0,
    "pct2ResTime" : 303.0,
    "pct3ResTime" : 324.0,
    "throughput" : 1763.0140179136285,
    "receivedKBytesPerSec" : 232.428605877285,
    "sentKBytesPerSec" : 222.09844561607233
  },
  "Total" : {
    "transaction" : "Total",
    "sampleCount" : 4726178,
    "errorCount" : 0,
    "errorPct" : 0.0,
    "meanResTime" : 158.42677169587193,
    "medianResTime" : 142.0,
    "minResTime" : 18.0,
    "maxResTime" : 35597.0,
    "pct1ResTime" : 256.0,
    "pct2ResTime" : 282.0,
    "pct3ResTime" : 311.0,
    "throughput" : 15735.516112814674,
    "receivedKBytesPerSec" : 1487.7654147251883,
    "sentKBytesPerSec" : 1941.3836462380682
  },
  "Get Member 1" : {
    "transaction" : "Get Member 1",
    "sampleCount" : 1051711,
    "errorCount" : 0,
    "errorPct" : 0.0,
    "meanResTime" : 142.37535977088976,
    "medianResTime" : 137.0,
    "minResTime" : 82.0,
    "maxResTime" : 35473.0,
    "pct1ResTime" : 155.0,
    "pct2ResTime" : 160.0,
    "pct3ResTime" : 195.0,
    "throughput" : 3503.227719078518,
    "receivedKBytesPerSec" : 314.7431153859606,
    "sentKBytesPerSec" : 434.4823440654021
  },
  "Get Member 2" : {
    "transaction" : "Get Member 2",
    "sampleCount" : 1048610,
    "errorCount" : 0,
    "errorPct" : 0.0,
    "meanResTime" : 142.79774463336926,
    "medianResTime" : 137.0,
    "minResTime" : 83.0,
    "maxResTime" : 35456.0,
    "pct1ResTime" : 155.0,
    "pct2ResTime" : 161.0,
    "pct3ResTime" : 194.9900000000016,
    "throughput" : 3492.991432492572,
    "receivedKBytesPerSec" : 313.8234490130045,
    "sentKBytesPerSec" : 433.21280461577794
  }
}