{
  "Get Cart 2" : {
    "transaction" : "Get Cart 2",
    "sampleCount" : 1122601,
    "errorCount" : 0,
    "errorPct" : 0.0,
    "meanResTime" : 66.66501722338865,
    "medianResTime" : 60.0,
    "minResTime" : 7.0,
    "maxResTime" : 34876.0,
    "pct1ResTime" : 68.0,
    "pct2ResTime" : 70.0,
    "pct3ResTime" : 77.0,
    "throughput" : 3741.280019196289,
    "receivedKBytesPerSec" : 336.13062672466657,
    "sentKBytesPerSec" : 456.69922109329696
  },
  "Get Cart 1" : {
    "transaction" : "Get Cart 1",
    "sampleCount" : 1121693,
    "errorCount" : 0,
    "errorPct" : 0.0,
    "meanResTime" : 66.72068828101511,
    "medianResTime" : 60.0,
    "minResTime" : 7.0,
    "maxResTime" : 34879.0,
    "pct1ResTime" : 68.0,
    "pct2ResTime" : 70.0,
    "pct3ResTime" : 88.0,
    "throughput" : 3737.9674154644913,
    "receivedKBytesPerSec" : 335.83300998313786,
    "sentKBytesPerSec" : 456.29485052056776
  },
  "Get Both" : {
    "transaction" : "Get Both",
    "sampleCount" : 568647,
    "errorCount" : 0,
    "errorPct" : 0.0,
    "meanResTime" : 131.65726188655304,
    "medianResTime" : 120.0,
    "minResTime" : 15.0,
    "maxResTime" : 34951.0,
    "pct1ResTime" : 132.0,
    "pct2ResTime" : 135.0,
    "pct3ResTime" : 141.0,
    "throughput" : 1894.6184755012694,
    "receivedKBytesPerSec" : 249.77880292253064,
    "sentKBytesPerSec" : 238.67752279264042
  },
  "Total" : {
    "transaction" : "Total",
    "sampleCount" : 5054754,
    "errorCount" : 0,
    "errorPct" : 0.0,
    "meanResTime" : 74.0347360128716,
    "medianResTime" : 60.0,
    "minResTime" : 6.0,
    "maxResTime" : 34951.0,
    "pct1ResTime" : 113.0,
    "pct2ResTime" : 122.0,
    "pct3ResTime" : 141.0,
    "throughput" : 16841.432940847208,
    "receivedKBytesPerSec" : 1592.6566650434552,
    "sentKBytesPerSec" : 2077.82826149971
  },
  "Get Member 1" : {
    "transaction" : "Get Member 1",
    "sampleCount" : 1117967,
    "errorCount" : 0,
    "errorPct" : 0.0,
    "meanResTime" : 66.9439750905005,
    "medianResTime" : 60.0,
    "minResTime" : 8.0,
    "maxResTime" : 34876.0,
    "pct1ResTime" : 68.0,
    "pct2ResTime" : 70.0,
    "pct3ResTime" : 88.0,
    "throughput" : 3725.091464024151,
    "receivedKBytesPerSec" : 334.67618622091976,
    "sentKBytesPerSec" : 461.99864837018276
  },
  "Get Member 2" : {
    "transaction" : "Get Member 2",
    "sampleCount" : 1123846,
    "errorCount" : 0,
    "errorPct" : 0.0,
    "meanResTime" : 66.5939746192975,
    "medianResTime" : 60.0,
    "minResTime" : 6.0,
    "maxResTime" : 34874.0,
    "pct1ResTime" : 68.0,
    "pct2ResTime" : 71.0,
    "pct3ResTime" : 85.9900000000016,
    "throughput" : 3744.9050316561147,
    "receivedKBytesPerSec" : 336.456311437854,
    "sentKBytesPerSec" : 464.45599513703763
  }
}