{
  "Total" : {
    "transaction" : "Total",
    "sampleCount" : 600000,
    "errorCount" : 0,
    "errorPct" : 0.0,
    "meanResTime" : 150.31712499999534,
    "medianResTime" : 170.0,
    "minResTime" : 127.0,
    "maxResTime" : 1249.0,
    "pct1ResTime" : 558.0,
    "pct2ResTime" : 578.0,
    "pct3ResTime" : 595.0,
    "throughput" : 3314.917127071823,
    "receivedKBytesPerSec" : 318.3413652451657,
    "sentKBytesPerSec" : 831.9665055248619
  },
  "HTTP Request POST" : {
    "transaction" : "HTTP Request POST",
    "sampleCount" : 600000,
    "errorCount" : 0,
    "errorPct" : 0.0,
    "meanResTime" : 150.31712499999534,
    "medianResTime" : 170.0,
    "minResTime" : 127.0,
    "maxResTime" : 1249.0,
    "pct1ResTime" : 558.0,
    "pct2ResTime" : 578.0,
    "pct3ResTime" : 595.0,
    "throughput" : 3314.917127071823,
    "receivedKBytesPerSec" : 318.3413652451657,
    "sentKBytesPerSec" : 831.9665055248619
  }
}