{
  "Get 2" : {
    "transaction" : "Get 2",
    "sampleCount" : 1430260,
    "errorCount" : 0,
    "errorPct" : 0.0,
    "meanResTime" : 52.28061121754105,
    "medianResTime" : 3.0,
    "minResTime" : 0.0,
    "maxResTime" : 768.0,
    "pct1ResTime" : 23.0,
    "pct2ResTime" : 34.0,
    "pct3ResTime" : 64.0,
    "throughput" : 4749.8480657020355,
    "receivedKBytesPerSec" : 898.5400121931425,
    "sentKBytesPerSec" : 565.8998672027816
  },
  "Get Random 2" : {
    "transaction" : "Get Random 2",
    "sampleCount" : 1391062,
    "errorCount" : 0,
    "errorPct" : 0.0,
    "meanResTime" : 53.54121527293544,
    "medianResTime" : 46.0,
    "minResTime" : 0.0,
    "maxResTime" : 661.0,
    "pct1ResTime" : 79.0,
    "pct2ResTime" : 96.0,
    "pct3ResTime" : 132.0,
    "throughput" : 4634.880334789374,
    "receivedKBytesPerSec" : 903.1142324946106,
    "sentKBytesPerSec" : 633.6750457719846
  },
  "Get Random 1" : {
    "transaction" : "Get Random 1",
    "sampleCount" : 1391805,
    "errorCount" : 0,
    "errorPct" : 0.0,
    "meanResTime" : 53.50192447936137,
    "medianResTime" : 46.0,
    "minResTime" : 0.0,
    "maxResTime" : 539.0,
    "pct1ResTime" : 79.0,
    "pct2ResTime" : 96.0,
    "pct3ResTime" : 131.0,
    "throughput" : 4637.155079928833,
    "receivedKBytesPerSec" : 903.5576155411438,
    "sentKBytesPerSec" : 633.9860460840202
  },
  "Total" : {
    "transaction" : "Total",
    "sampleCount" : 5615475,
    "errorCount" : 0,
    "errorPct" : 0.0,
    "meanResTime" : 53.13040998312972,
    "medianResTime" : 3.0,
    "minResTime" : 0.0,
    "maxResTime" : 768.0,
    "pct1ResTime" : 23.0,
    "pct2ResTime" : 34.0,
    "pct3ResTime" : 64.0,
    "throughput" : 18546.32556203989,
    "receivedKBytesPerSec" : 3560.6517781983925,
    "sentKBytesPerSec" : 2371.181762251429
  },
  "Get 1" : {
    "transaction" : "Get 1",
    "sampleCount" : 1402348,
    "errorCount" : 0,
    "errorPct" : 0.0,
    "meanResTime" : 53.220902372307144,
    "medianResTime" : 44.0,
    "minResTime" : 0.0,
    "maxResTime" : 739.0,
    "pct1ResTime" : 73.0,
    "pct2ResTime" : 87.0,
    "pct3ResTime" : 124.0,
    "throughput" : 4648.169201754066,
    "receivedKBytesPerSec" : 879.3057712322546,
    "sentKBytesPerSec" : 553.7857838027305
  }
}