{
  "Get Fruit 2" : {
    "transaction" : "Get Fruit 2",
    "sampleCount" : 902799,
    "errorCount" : 0,
    "errorPct" : 0.0,
    "meanResTime" : 82.9224511768391,
    "medianResTime" : 81.0,
    "minResTime" : 44.0,
    "maxResTime" : 1276.0,
    "pct1ResTime" : 90.0,
    "pct2ResTime" : 93.0,
    "pct3ResTime" : 97.0,
    "throughput" : 3008.1167262537447,
    "receivedKBytesPerSec" : 270.2604871243599,
    "sentKBytesPerSec" : 373.0769767912359
  },
  "Get Fruit 1" : {
    "transaction" : "Get Fruit 1",
    "sampleCount" : 902775,
    "errorCount" : 0,
    "errorPct" : 0.0,
    "meanResTime" : 82.92278363933615,
    "medianResTime" : 81.0,
    "minResTime" : 44.0,
    "maxResTime" : 420.0,
    "pct1ResTime" : 90.0,
    "pct2ResTime" : 93.0,
    "pct3ResTime" : 96.0,
    "throughput" : 3008.02673579411,
    "receivedKBytesPerSec" : 270.2524020440021,
    "sentKBytesPerSec" : 373.06581586508986
  },
  "Total" : {
    "transaction" : "Total",
    "sampleCount" : 3611301,
    "errorCount" : 0,
    "errorPct" : 0.0,
    "meanResTime" : 82.91912692959632,
    "medianResTime" : 81.0,
    "minResTime" : 43.0,
    "maxResTime" : 1276.0,
    "pct1ResTime" : 91.0,
    "pct2ResTime" : 96.0,
    "pct3ResTime" : 107.0,
    "throughput" : 12031.533917701972,
    "receivedKBytesPerSec" : 1080.9581254185364,
    "sentKBytesPerSec" : 1486.3171735539875
  },
  "Get Candy 1" : {
    "transaction" : "Get Candy 1",
    "sampleCount" : 902848,
    "errorCount" : 0,
    "errorPct" : 0.0,
    "meanResTime" : 82.91769378677027,
    "medianResTime" : 81.0,
    "minResTime" : 44.0,
    "maxResTime" : 497.0,
    "pct1ResTime" : 90.0,
    "pct2ResTime" : 93.0,
    "pct3ResTime" : 98.0,
    "throughput" : 3008.3802326472537,
    "receivedKBytesPerSec" : 270.2841615269017,
    "sentKBytesPerSec" : 370.1717864390176
  },
  "Get Candy 2" : {
    "transaction" : "Get Candy 2",
    "sampleCount" : 902879,
    "errorCount" : 0,
    "errorPct" : 0.0,
    "meanResTime" : 82.9135797820066,
    "medianResTime" : 81.0,
    "minResTime" : 43.0,
    "maxResTime" : 460.0,
    "pct1ResTime" : 90.0,
    "pct2ResTime" : 93.0,
    "pct3ResTime" : 98.0,
    "throughput" : 3008.633903817445,
    "receivedKBytesPerSec" : 270.3069522960986,
    "sentKBytesPerSec" : 370.2029998837872
  }
}