{
  "Total" : {
    "transaction" : "Total",
    "sampleCount" : 42382,
    "errorCount" : 16347,
    "errorPct" : 38.57062,
    "meanResTime" : 10774.204473597265,
    "medianResTime" : 30002.0,
    "minResTime" : 0.0,
    "maxResTime" : 31482.0,
    "pct1ResTime" : 30157.9,
    "pct2ResTime" : 30188.0,
    "pct3ResTime" : 30248.99,
    "throughput" : 44.976037965710304,
    "receivedKBytesPerSec" : 11168.295288513425,
    "sentKBytesPerSec" : 7.410783737865108
  },
  "HTTP Request POST" : {
    "transaction" : "HTTP Request POST",
    "sampleCount" : 20000,
    "errorCount" : 0,
    "errorPct" : 0.0,
    "meanResTime" : 26.409000000000056,
    "medianResTime" : 12.0,
    "minResTime" : 0.0,
    "maxResTime" : 76.0,
    "pct1ResTime" : 56.0,
    "pct2ResTime" : 59.0,
    "pct3ResTime" : 63.0,
    "throughput" : 1642.7104722792608,
    "receivedKBytesPerSec" : 165.2335728952772,
    "sentKBytesPerSec" : 413.083932238193
  },
  "HTTP Request GET" : {
    "transaction" : "HTTP Request GET",
    "sampleCount" : 22382,
    "errorCount" : 16347,
    "errorPct" : 73.03637,
    "meanResTime" : 20378.167902778998,
    "medianResTime" : 30002.0,
    "minResTime" : 0.0,
    "maxResTime" : 31482.0,
    "pct1ResTime" : 30157.9,
    "pct2ResTime" : 30188.0,
    "pct3ResTime" : 30248.99,
    "throughput" : 24.062837311911654,
    "receivedKBytesPerSec" : 11312.329834287795,
    "sentKBytesPerSec" : 2.100808150960922
  }
}