{
  "Total" : {
    "transaction" : "Total",
    "sampleCount" : 37880,
    "errorCount" : 0,
    "errorPct" : 0.0,
    "meanResTime" : 400.76451953537554,
    "medianResTime" : 780.0,
    "minResTime" : 1.0,
    "maxResTime" : 8334.0,
    "pct1ResTime" : 1519.9000000000015,
    "pct2ResTime" : 2303.9500000000007,
    "pct3ResTime" : 3898.970000000005,
    "throughput" : 123.80015491360462,
    "receivedKBytesPerSec" : 27303.370682018176,
    "sentKBytesPerSec" : 25.850211984887753
  },
  "HTTP Request POST" : {
    "transaction" : "HTTP Request POST",
    "sampleCount" : 25000,
    "errorCount" : 0,
    "errorPct" : 0.0,
    "meanResTime" : 6.9692799999999915,
    "medianResTime" : 5.0,
    "minResTime" : 1.0,
    "maxResTime" : 877.0,
    "pct1ResTime" : 7.0,
    "pct2ResTime" : 8.0,
    "pct3ResTime" : 11.0,
    "throughput" : 5863.039399624766,
    "receivedKBytesPerSec" : 581.4701388074577,
    "sentKBytesPerSec" : 1471.4854743198873
  },
  "HTTP Request GET" : {
    "transaction" : "HTTP Request GET",
    "sampleCount" : 12880,
    "errorCount" : 0,
    "errorPct" : 0.0,
    "meanResTime" : 1165.1186335403695,
    "medianResTime" : 900.0,
    "minResTime" : 444.0,
    "maxResTime" : 8334.0,
    "pct1ResTime" : 2050.8999999999996,
    "pct2ResTime" : 2747.949999999999,
    "pct3ResTime" : 4318.5700000000015,
    "throughput" : 42.689717346343535,
    "receivedKBytesPerSec" : 27681.113321644483,
    "sentKBytesPerSec" : 5.419593022485019
  }
}