{
  "Get Big" : {
    "transaction" : "Get Big",
    "sampleCount" : 413,
    "errorCount" : 0,
    "errorPct" : 0.0,
    "meanResTime" : 3641.230024213075,
    "medianResTime" : 3617.0,
    "minResTime" : 2449.0,
    "maxResTime" : 7950.0,
    "pct1ResTime" : 3859.0,
    "pct2ResTime" : 3952.6,
    "pct3ResTime" : 5441.080000000005,
    "throughput" : 1.3684786030252325,
    "receivedKBytesPerSec" : 22303.24510170397,
    "sentKBytesPerSec" : 0.16705061072085356
  },
  "Get Cart 2" : {
    "transaction" : "Get Cart 2",
    "sampleCount" : 909438,
    "errorCount" : 0,
    "errorPct" : 0.0,
    "meanResTime" : 161.50873286579127,
    "medianResTime" : 159.0,
    "minResTime" : 0.0,
    "maxResTime" : 8153.0,
    "pct1ResTime" : 214.0,
    "pct2ResTime" : 233.0,
    "pct3ResTime" : 313.0,
    "throughput" : 3014.7482455587856,
    "receivedKBytesPerSec" : 270.85628768692214,
    "sentKBytesPerSec" : 368.0112604441877
  },
  "Get Cart 1" : {
    "transaction" : "Get Cart 1",
    "sampleCount" : 909734,
    "errorCount" : 0,
    "errorPct" : 0.0,
    "meanResTime" : 161.49438627115958,
    "medianResTime" : 159.0,
    "minResTime" : 0.0,
    "maxResTime" : 8230.0,
    "pct1ResTime" : 213.0,
    "pct2ResTime" : 233.0,
    "pct3ResTime" : 314.0,
    "throughput" : 3015.2696803873932,
    "receivedKBytesPerSec" : 270.90313534730484,
    "sentKBytesPerSec" : 368.0749121566642
  },
  "Total" : {
    "transaction" : "Total",
    "sampleCount" : 3637421,
    "errorCount" : 0,
    "errorPct" : 0.0,
    "meanResTime" : 161.94266514653117,
    "medianResTime" : 156.0,
    "minResTime" : 0.0,
    "maxResTime" : 8230.0,
    "pct1ResTime" : 204.0,
    "pct2ResTime" : 224.0,
    "pct3ResTime" : 326.0,
    "throughput" : 12052.621812819962,
    "receivedKBytesPerSec" : 23385.974893450024,
    "sentKBytesPerSec" : 1483.0317901276114
  },
  "Get Member 1" : {
    "transaction" : "Get Member 1",
    "sampleCount" : 908602,
    "errorCount" : 0,
    "errorPct" : 0.0,
    "meanResTime" : 161.64222508865402,
    "medianResTime" : 158.0,
    "minResTime" : 0.0,
    "maxResTime" : 8183.0,
    "pct1ResTime" : 212.0,
    "pct2ResTime" : 233.0,
    "pct3ResTime" : 311.0,
    "throughput" : 3020.2468446367966,
    "receivedKBytesPerSec" : 271.35030244783724,
    "sentKBytesPerSec" : 374.58139577038395
  },
  "Get Member 2" : {
    "transaction" : "Get Member 2",
    "sampleCount" : 909234,
    "errorCount" : 0,
    "errorPct" : 0.0,
    "meanResTime" : 161.54505990757272,
    "medianResTime" : 159.0,
    "minResTime" : 0.0,
    "maxResTime" : 8184.0,
    "pct1ResTime" : 213.0,
    "pct2ResTime" : 232.0,
    "pct3ResTime" : 307.9900000000016,
    "throughput" : 3013.5725010191804,
    "receivedKBytesPerSec" : 270.750654388442,
    "sentKBytesPerSec" : 373.75362073187097
  }
}