{
  "Total" : {
    "transaction" : "Total",
    "sampleCount" : 92180,
    "errorCount" : 0,
    "errorPct" : 0.0,
    "meanResTime" : 492.5199175526134,
    "medianResTime" : 668.0,
    "minResTime" : 1.0,
    "maxResTime" : 1511.0,
    "pct1ResTime" : 727.0,
    "pct2ResTime" : 739.0,
    "pct3ResTime" : 761.0,
    "throughput" : 101.34358862726602,
    "receivedKBytesPerSec" : 47940.902122326304,
    "sentKBytesPerSec" : 15.914063161363664
  },
  "HTTP Request POST" : {
    "transaction" : "HTTP Request POST",
    "sampleCount" : 25000,
    "errorCount" : 0,
    "errorPct" : 0.0,
    "meanResTime" : 16.475199999999845,
    "medianResTime" : 14.0,
    "minResTime" : 1.0,
    "maxResTime" : 146.0,
    "pct1ResTime" : 17.0,
    "pct2ResTime" : 19.0,
    "pct3ResTime" : 21.0,
    "throughput" : 2825.8166610150333,
    "receivedKBytesPerSec" : 280.2519127246524,
    "sentKBytesPerSec" : 709.2137518367808
  },
  "HTTP Request GET" : {
    "transaction" : "HTTP Request GET",
    "sampleCount" : 67180,
    "errorCount" : 0,
    "errorPct" : 0.0,
    "meanResTime" : 669.6726108961019,
    "medianResTime" : 668.0,
    "minResTime" : 355.0,
    "maxResTime" : 1511.0,
    "pct1ResTime" : 727.0,
    "pct2ResTime" : 739.0,
    "pct3ResTime" : 761.0,
    "throughput" : 74.5838657712458,
    "receivedKBytesPerSec" : 48409.07931763375,
    "sentKBytesPerSec" : 9.104475802154028
  }
}