{
  "Get Fruit 2" : {
    "transaction" : "Get Fruit 2",
    "sampleCount" : 4277111,
    "errorCount" : 0,
    "errorPct" : 0.0,
    "meanResTime" : 16.44484185703803,
    "medianResTime" : 12.0,
    "minResTime" : 0.0,
    "maxResTime" : 1080.0,
    "pct1ResTime" : 37.0,
    "pct2ResTime" : 50.0,
    "pct3ResTime" : 77.0,
    "throughput" : 14253.378299569777,
    "receivedKBytesPerSec" : 1280.5769566019721,
    "sentKBytesPerSec" : 1767.7529727005485
  },
  "Get Both" : {
    "transaction" : "Get Both",
    "sampleCount" : 108274,
    "errorCount" : 0,
    "errorPct" : 0.0,
    "meanResTime" : 661.2451558084107,
    "medianResTime" : 556.0,
    "minResTime" : 0.0,
    "maxResTime" : 3381.0,
    "pct1ResTime" : 1331.0,
    "pct2ResTime" : 1517.0,
    "pct3ResTime" : 1713.0,
    "throughput" : 360.49875975960975,
    "receivedKBytesPerSec" : 46.470543250262196,
    "sentKBytesPerSec" : 45.414394540028965
  },
  "Get Fruit 1" : {
    "transaction" : "Get Fruit 1",
    "sampleCount" : 4267023,
    "errorCount" : 0,
    "errorPct" : 0.0,
    "meanResTime" : 16.48051604127869,
    "medianResTime" : 12.0,
    "minResTime" : 0.0,
    "maxResTime" : 1106.0,
    "pct1ResTime" : 37.0,
    "pct2ResTime" : 48.0,
    "pct3ResTime" : 76.0,
    "throughput" : 14219.239023219856,
    "receivedKBytesPerSec" : 1277.5097559924088,
    "sentKBytesPerSec" : 1763.5189022938687
  },
  "Total" : {
    "transaction" : "Total",
    "sampleCount" : 17193214,
    "errorCount" : 0,
    "errorPct" : 0.0,
    "meanResTime" : 20.527913454689898,
    "medianResTime" : 6.0,
    "minResTime" : 0.0,
    "maxResTime" : 3384.0,
    "pct1ResTime" : 32.0,
    "pct2ResTime" : 42.0,
    "pct3ResTime" : 638.850000000024,
    "throughput" : 57244.881719356075,
    "receivedKBytesPerSec" : 5157.176824776507,
    "sentKBytesPerSec" : 7072.640942083271
  },
  "Get Candy 1" : {
    "transaction" : "Get Candy 1",
    "sampleCount" : 4276813,
    "errorCount" : 0,
    "errorPct" : 0.0,
    "meanResTime" : 16.44554905720581,
    "medianResTime" : 11.0,
    "minResTime" : 0.0,
    "maxResTime" : 1125.0,
    "pct1ResTime" : 37.0,
    "pct2ResTime" : 48.0,
    "pct3ResTime" : 76.0,
    "throughput" : 14251.767802992435,
    "receivedKBytesPerSec" : 1280.4322635501017,
    "sentKBytesPerSec" : 1753.635491383835
  },
  "Get Candy 2" : {
    "transaction" : "Get Candy 2",
    "sampleCount" : 4263993,
    "errorCount" : 0,
    "errorPct" : 0.0,
    "meanResTime" : 16.498961888539917,
    "medianResTime" : 6.0,
    "minResTime" : 0.0,
    "maxResTime" : 3384.0,
    "pct1ResTime" : 31.0,
    "pct2ResTime" : 42.0,
    "pct3ResTime" : 73.0,
    "throughput" : 14205.875591773638,
    "receivedKBytesPerSec" : 1276.3091351984128,
    "sentKBytesPerSec" : 1747.988598206522
  }
}