{
  "Get 2" : {
    "transaction" : "Get 2",
    "sampleCount" : 8823114,
    "errorCount" : 0,
    "errorPct" : 0.0,
    "meanResTime" : 8.004594862994251,
    "medianResTime" : 0.0,
    "minResTime" : 0.0,
    "maxResTime" : 247.0,
    "pct1ResTime" : 1.0,
    "pct2ResTime" : 1.0,
    "pct3ResTime" : 1.0,
    "throughput" : 29259.207428287184,
    "receivedKBytesPerSec" : 2628.7569173851766,
    "sentKBytesPerSec" : 3514.533704764964
  },
  "Get Random 2" : {
    "transaction" : "Get Random 2",
    "sampleCount" : 454890,
    "errorCount" : 0,
    "errorPct" : 0.0,
    "meanResTime" : 161.0444217283305,
    "medianResTime" : 168.0,
    "minResTime" : 0.0,
    "maxResTime" : 619.0,
    "pct1ResTime" : 215.0,
    "pct2ResTime" : 228.0,
    "pct3ResTime" : 254.9900000000016,
    "throughput" : 1515.2797116608149,
    "receivedKBytesPerSec" : 147.70177793827156,
    "sentKBytesPerSec" : 201.248086704952
  },
  "Get Random 1" : {
    "transaction" : "Get Random 1",
    "sampleCount" : 454857,
    "errorCount" : 0,
    "errorPct" : 0.0,
    "meanResTime" : 161.02234988138747,
    "medianResTime" : 168.0,
    "minResTime" : 0.0,
    "maxResTime" : 616.0,
    "pct1ResTime" : 213.0,
    "pct2ResTime" : 227.0,
    "pct3ResTime" : 253.0,
    "throughput" : 1515.321215836254,
    "receivedKBytesPerSec" : 147.7060736479835,
    "sentKBytesPerSec" : 201.25359897825246
  },
  "Total" : {
    "transaction" : "Total",
    "sampleCount" : 18367788,
    "errorCount" : 0,
    "errorPct" : 0.0,
    "meanResTime" : 15.653350201994373,
    "medianResTime" : 0.0,
    "minResTime" : 0.0,
    "maxResTime" : 619.0,
    "pct1ResTime" : 1.0,
    "pct2ResTime" : 1.0,
    "pct3ResTime" : 1.0,
    "throughput" : 60609.96076542077,
    "receivedKBytesPerSec" : 5468.335047379921,
    "sentKBytesPerSec" : 7318.409094295601
  },
  "Get 1" : {
    "transaction" : "Get 1",
    "sampleCount" : 8634927,
    "errorCount" : 0,
    "errorPct" : 0.0,
    "meanResTime" : 8.152046334614326,
    "medianResTime" : 4.0,
    "minResTime" : 0.0,
    "maxResTime" : 294.0,
    "pct1ResTime" : 8.0,
    "pct2ResTime" : 10.0,
    "pct3ResTime" : 13.0,
    "throughput" : 28644.54587976155,
    "receivedKBytesPerSec" : 2573.533418884827,
    "sentKBytesPerSec" : 3440.702288291671
  }
}