{
  "Get Big" : {
    "transaction" : "Get Big",
    "sampleCount" : 448,
    "errorCount" : 0,
    "errorPct" : 0.0,
    "meanResTime" : 3345.1986607142862,
    "medianResTime" : 3178.5,
    "minResTime" : 2816.0,
    "maxResTime" : 5817.0,
    "pct1ResTime" : 3597.9000000000005,
    "pct2ResTime" : 5389.449999999999,
    "pct3ResTime" : 5687.219999999999,
    "throughput" : 1.4924378706109667,
    "receivedKBytesPerSec" : 24323.516306882535,
    "sentKBytesPerSec" : 0.18218235725231527
  },
  "Get Cart 2" : {
    "transaction" : "Get Cart 2",
    "sampleCount" : 762339,
    "errorCount" : 0,
    "errorPct" : 0.0,
    "meanResTime" : 19.611942980747248,
    "medianResTime" : 17.0,
    "minResTime" : 0.0,
    "maxResTime" : 5809.0,
    "pct1ResTime" : 25.0,
    "pct2ResTime" : 30.0,
    "pct3ResTime" : 94.0,
    "throughput" : 2540.0377837529863,
    "receivedKBytesPerSec" : 228.20651963405734,
    "sentKBytesPerSec" : 310.06320602453445
  },
  "Get Cart 1" : {
    "transaction" : "Get Cart 1",
    "sampleCount" : 761614,
    "errorCount" : 0,
    "errorPct" : 0.0,
    "meanResTime" : 19.630168300478275,
    "medianResTime" : 16.0,
    "minResTime" : 0.0,
    "maxResTime" : 5723.0,
    "pct1ResTime" : 25.0,
    "pct2ResTime" : 29.0,
    "pct3ResTime" : 92.0,
    "throughput" : 2537.5798809864928,
    "receivedKBytesPerSec" : 227.9856924323802,
    "sentKBytesPerSec" : 309.76316906573396
  },
  "Total" : {
    "transaction" : "Total",
    "sampleCount" : 3040599,
    "errorCount" : 0,
    "errorPct" : 0.0,
    "meanResTime" : 20.16152212113476,
    "medianResTime" : 17.0,
    "minResTime" : 0.0,
    "maxResTime" : 5817.0,
    "pct1ResTime" : 28.0,
    "pct2ResTime" : 32.0,
    "pct3ResTime" : 94.0,
    "throughput" : 10129.25244853088,
    "receivedKBytesPerSec" : 25238.36482615639,
    "sentKBytesPerSec" : 1246.3461734157422
  },
  "Get Member 1" : {
    "transaction" : "Get Member 1",
    "sampleCount" : 759794,
    "errorCount" : 0,
    "errorPct" : 0.0,
    "meanResTime" : 19.677971923969135,
    "medianResTime" : 16.0,
    "minResTime" : 0.0,
    "maxResTime" : 5801.0,
    "pct1ResTime" : 25.0,
    "pct2ResTime" : 30.0,
    "pct3ResTime" : 93.0,
    "throughput" : 2531.364108851515,
    "receivedKBytesPerSec" : 229.89927941717863,
    "sentKBytesPerSec" : 313.9484783438891
  },
  "Get Member 2" : {
    "transaction" : "Get Member 2",
    "sampleCount" : 756404,
    "errorCount" : 0,
    "errorPct" : 0.0,
    "meanResTime" : 19.76680451187484,
    "medianResTime" : 17.0,
    "minResTime" : 0.0,
    "maxResTime" : 5659.0,
    "pct1ResTime" : 25.0,
    "pct2ResTime" : 29.0,
    "pct3ResTime" : 92.0,
    "throughput" : 2519.9774789031294,
    "receivedKBytesPerSec" : 228.86514212694436,
    "sentKBytesPerSec" : 312.53626935614983
  }
}