{
  "Get 2" : {
    "transaction" : "Get 2",
    "sampleCount" : 1748716,
    "errorCount" : 25,
    "errorPct" : 0.0014296203,
    "meanResTime" : 85.4772232884007,
    "medianResTime" : 2.0,
    "minResTime" : 0.0,
    "maxResTime" : 50050.0,
    "pct1ResTime" : 16.0,
    "pct2ResTime" : 20.0,
    "pct3ResTime" : 33.0,
    "throughput" : 5209.457788793527,
    "receivedKBytesPerSec" : 468.2252301338548,
    "sentKBytesPerSec" : 635.9110489897776
  },
  "Get Random 2" : {
    "transaction" : "Get Random 2",
    "sampleCount" : 1669184,
    "errorCount" : 23,
    "errorPct" : 0.0013779188,
    "meanResTime" : 89.31557755166419,
    "medianResTime" : 75.0,
    "minResTime" : 0.0,
    "maxResTime" : 50056.0,
    "pct1ResTime" : 123.0,
    "pct2ResTime" : 150.0,
    "pct3ResTime" : 213.0,
    "throughput" : 5051.107701711861,
    "receivedKBytesPerSec" : 482.6701536016949,
    "sentKBytesPerSec" : 670.8409978620646
  },
  "Get Random 1" : {
    "transaction" : "Get Random 1",
    "sampleCount" : 1673130,
    "errorCount" : 18,
    "errorPct" : 0.001075828,
    "meanResTime" : 89.0856765463605,
    "medianResTime" : 75.0,
    "minResTime" : 0.0,
    "maxResTime" : 50049.0,
    "pct1ResTime" : 123.0,
    "pct2ResTime" : 150.0,
    "pct3ResTime" : 222.0,
    "throughput" : 4855.126504957764,
    "receivedKBytesPerSec" : 463.9043189277185,
    "sentKBytesPerSec" : 644.8145517699668
  },
  "Total" : {
    "transaction" : "Total",
    "sampleCount" : 6783402,
    "errorCount" : 94,
    "errorPct" : 0.0013857353,
    "meanResTime" : 87.97737565899433,
    "medianResTime" : 2.0,
    "minResTime" : 0.0,
    "maxResTime" : 50056.0,
    "pct1ResTime" : 16.0,
    "pct2ResTime" : 20.0,
    "pct3ResTime" : 34.0,
    "throughput" : 19684.22946452667,
    "receivedKBytesPerSec" : 1824.269310858838,
    "sentKBytesPerSec" : 2507.011820823878
  },
  "Get 1" : {
    "transaction" : "Get 1",
    "sampleCount" : 1692372,
    "errorCount" : 28,
    "errorPct" : 0.0016544826,
    "meanResTime" : 88.1451991642465,
    "medianResTime" : 74.0,
    "minResTime" : 0.0,
    "maxResTime" : 50049.0,
    "pct1ResTime" : 120.0,
    "pct2ResTime" : 145.0,
    "pct3ResTime" : 218.0,
    "throughput" : 4927.119695121419,
    "receivedKBytesPerSec" : 442.87669614549276,
    "sentKBytesPerSec" : 601.4450899394726
  }
}